id,non_ego_model,ego_model,cloudiness,precipitation,fog_density,front,back,across,Max_dist_from_centre,Collisions,Min_dist_from_non_ego,Dist_to_dest
0,10,2,64,98,91,1,2,1,1.399818778038025,122,0.007202979177236557,0.16747521131466597
0,10,2,64,98,91,1,2,1,1.0340404510498047,30,0.007202979177236557,0.15682249802809495
0,10,2,64,98,91,1,2,1,1.2706187963485718,84,0.007202979177236557,0.13597730489877555
0,10,2,64,98,91,1,2,1,0.8536233901977539,13,0.007202979177236557,0.15251577817476714
0,10,2,64,98,91,1,2,1,1.1538997888565063,56,0.007202979177236557,0.13801056299454126
0,10,2,64,98,91,1,2,1,0.8448518514633179,5,0.007202979177236557,0.1491999014829978
0,10,2,64,98,91,1,2,1,0.8407272100448608,7,0.007202979177236557,0.14750086955535105
0,10,2,64,98,91,1,2,1,0.8397660255432129,1,0.007202979177236557,0.14407495351938102
0,10,2,64,98,91,1,2,1,0.9293789267539978,142,0.007202979177236557,0.1547060746413011
0,10,2,64,98,91,1,2,1,0.8701009750366211,5,0.007202979177236557,0.1444406631665352
1,17,7,43,13,14,5,4,5,1.5633183717727661,0,0.01054379902780056,0.1343253331306653
1,17,7,43,13,14,5,4,5,1.4071078300476074,0,0.01054379902780056,0.13135210673014322
1,17,7,43,13,14,5,4,5,1.4816936254501343,0,0.01054379902780056,0.13218058072603667
1,17,7,43,13,14,5,4,5,0.9073695540428162,0,0.01054379902780056,0.1079560671097193
1,17,7,43,13,14,5,4,5,0.8985037803649902,0,0.01054379902780056,0.10704322961660531
1,17,7,43,13,14,5,4,5,1.5677287578582764,0,0.01054379902780056,0.13483249224149263
1,17,7,43,13,14,5,4,5,1.5774612426757812,0,0.01054379902780056,0.13521863252688676
1,17,7,43,13,14,5,4,5,1.558086633682251,0,0.01054379902780056,0.13448135669414812
1,17,7,43,13,14,5,4,5,1.481213092803955,0,0.01054379902780056,0.13254136305588943
1,17,7,43,13,14,5,4,5,1.4770801067352295,0,0.01054379902780056,0.13305163994813576
2,2,25,18,27,6,0,1,5,1.1395268440246582,14,0.0029502791166305543,0.13446915455353567
2,2,25,18,27,6,0,1,5,1.2404664754867554,11,0.003043486177921295,0.13655651532686675
2,2,25,18,27,6,0,1,5,1.3523811101913452,15,0.003043486177921295,0.13727404521061823
2,2,25,18,27,6,0,1,5,1.1211185455322266,16,0.0029502791166305543,0.13712516197791466
2,2,25,18,27,6,0,1,5,1.1755223274230957,11,0.0029502791166305543,0.13498128988803962
2,2,25,18,27,6,0,1,5,1.211283564567566,14,0.0029502791166305543,0.13350770412347254
2,2,25,18,27,6,0,1,5,1.2331745624542236,13,0.003043486177921295,0.13903584847083458
2,2,25,18,27,6,0,1,5,1.3414264917373657,15,0.0029502791166305543,0.13264104647514147
2,2,25,18,27,6,0,1,5,1.1444610357284546,15,0.0029502791166305543,0.1373276710510254
2,2,25,18,27,6,0,1,5,1.333158016204834,15,0.003043486177921295,0.13391630466167742
3,6,17,66,53,11,2,0,0,1.5110701322555542,0,0.3043486177921295,0.13402977967873597
3,6,17,66,53,11,2,0,0,1.7537047863006592,0,0.3043486177921295,0.13566985497107872
3,6,17,66,53,11,2,0,0,1.4545241594314575,0,0.3043486177921295,0.13055764711820161
3,6,17,66,53,11,2,0,0,1.4530675411224365,0,0.3043486177921295,0.13420996299156776
3,6,17,66,53,11,2,0,0,1.7601401805877686,0,0.3043486177921295,0.13010014020479643
3,6,17,66,53,11,2,0,0,1.3922473192214966,0,0.2950279116630554,0.1330586091066018
3,6,17,66,53,11,2,0,0,1.3816624879837036,0,0.3043486177921295,0.13297093220246145
3,6,17,66,53,11,2,0,0,1.5250036716461182,0,0.2950279116630554,0.13299371034671098
3,6,17,66,53,11,2,0,0,0.8961358666419983,0,0.3043486177921295,0.10570051731207432
3,6,17,66,53,11,2,0,0,1.4232993125915527,0,0.3043486177921295,0.12861215151273286
4,5,23,82,51,37,4,3,1,1.4653047323226929,0,0.2950279116630554,0.1357875970693735
4,5,23,82,51,37,4,3,1,1.3378444910049438,0,0.2950279116630554,0.13056413943950945
4,5,23,82,51,37,4,3,1,1.9082906246185303,0,0.3043486177921295,0.12137765150803786
4,5,23,82,51,37,4,3,1,1.2062087059020996,0,0.3043486177921295,0.13463153594579452
4,5,23,82,51,37,4,3,1,1.4797823429107666,0,0.2950279116630554,0.13337213565141726
4,5,23,82,51,37,4,3,1,1.4532577991485596,0,0.3043486177921295,0.13181040837214544
4,5,23,82,51,37,4,3,1,0.8550564050674438,0,0.2950279116630554,0.1047366826962202
4,5,23,82,51,37,4,3,1,1.2870752811431885,0,0.2950279116630554,0.1316227668370956
4,5,23,82,51,37,4,3,1,1.5191316604614258,0,0.2950279116630554,0.13534596027472082
4,5,23,82,51,37,4,3,1,1.5590320825576782,0,0.3043486177921295,0.13405171418801332
5,7,14,73,13,9,3,5,5,1.9372386932373047,0,0.2950279116630554,0.12026399221175756
5,7,14,73,13,9,3,5,5,1.931701898574829,0,0.2950279116630554,0.11863308686476487
5,7,14,73,13,9,3,5,5,1.9001505374908447,0,0.2950279116630554,0.1192324344928448
5,7,14,73,13,9,3,5,5,1.8830612897872925,0,0.29585927724838257,0.1198261456611829
5,7,14,73,13,9,3,5,5,1.8832415342330933,0,0.2950279116630554,0.12043895476903671
5,7,14,73,13,9,3,5,5,1.8679472208023071,0,0.29585927724838257,0.12008462808071038
5,7,14,73,13,9,3,5,5,1.890156865119934,0,0.2950279116630554,0.12055234419993865
5,7,14,73,13,9,3,5,5,1.9108200073242188,0,0.29585927724838257,0.11618556731786484
5,7,14,73,13,9,3,5,5,1.887552261352539,0,0.2950279116630554,0.12070604471059945
5,7,14,73,13,9,3,5,5,1.9278661012649536,0,0.2950279116630554,0.12006812217908028
6,23,14,45,41,79,1,0,0,1.9125741720199585,0,0.29585927724838257,0.12347203034621018
6,23,14,45,41,79,1,0,0,1.901738166809082,0,0.29585927724838257,0.12177438002366286
6,23,14,45,41,79,1,0,0,1.907581090927124,0,0.29585927724838257,0.1211697627336551
6,23,14,45,41,79,1,0,0,0.8620834946632385,0,0.29585927724838257,0.08965569887405787
6,23,14,45,41,79,1,0,0,1.8963018655776978,0,0.29585927724838257,0.11728896850194687
6,23,14,45,41,79,1,0,0,0.8662834763526917,0,0.29585927724838257,0.08899946701832306
6,23,14,45,41,79,1,0,0,1.897728681564331,0,0.2950279116630554,0.12223211924235027
6,23,14,45,41,79,1,0,0,1.9329732656478882,0,0.29585927724838257,0.11830931443434495
6,23,14,45,41,79,1,0,0,1.8986849784851074,0,0.2950279116630554,0.11744578679402669
6,23,14,45,41,79,1,0,0,1.929949402809143,0,0.29585927724838257,0.11780541982406224
7,17,1,79,41,25,1,5,3,1.6747357845306396,39,0.003043486177921295,0.13257180727445161
7,17,1,79,41,25,1,5,3,1.5932291746139526,33,0.0029502791166305543,0.13128083791488257
7,17,1,79,41,25,1,5,3,1.536415934562683,32,0.0029502791166305543,0.13097863319592598
7,17,1,79,41,25,1,5,3,1.6084195375442505,34,0.003043486177921295,0.131531862112192
7,17,1,79,41,25,1,5,3,1.5949230194091797,55,0.003043486177921295,0.13195226131341395
7,17,1,79,41,25,1,5,3,1.7108664512634277,40,0.0029502791166305543,0.13089231344369742
7,17,1,79,41,25,1,5,3,1.694382667541504,28,0.0029502791166305543,0.13262078700921473
7,17,1,79,41,25,1,5,3,1.676560401916504,39,0.0029502791166305543,0.13017876942952475
7,17,1,79,41,25,1,5,3,1.688288688659668,33,0.0029502791166305543,0.13220934990124825
7,17,1,79,41,25,1,5,3,1.5832651853561401,33,0.0029502791166305543,0.13110825954339442
8,21,24,82,23,17,4,1,0,1.3213187456130981,0,0.006846236065030098,0.13387171427408853
8,21,24,82,23,17,4,1,0,1.486783504486084,0,0.0008784235687926412,0.138731381832025
8,21,24,82,23,17,4,1,0,1.3933466672897339,0,0.001018449547700584,0.13316718125954652
8,21,24,82,23,17,4,1,0,1.291654109954834,0,0.004965440835803747,0.134033264257969
8,21,24,82,23,17,4,1,0,1.3878514766693115,0,0.0008566481410525739,0.13199400290464744
8,21,24,82,23,17,4,1,0,1.346481204032898,0,0.000590049079619348,0.13323208001943734
8,21,24,82,23,17,4,1,0,1.393809199333191,0,0.00346496794372797,0.13324347520485902
8,21,24,82,23,17,4,1,0,1.3074696063995361,0,0.004048387054353952,0.13571607149564302
8,21,24,82,23,17,4,1,0,1.4466195106506348,0,0.0007149277371354401,0.13726274783794695
8,21,24,82,23,17,4,1,0,1.839260220527649,0,0.0023440320510417223,0.1284797741816594
9,17,3,35,33,66,2,4,5,1.3467239141464233,0,0.2950279116630554,0.1384609784835424
9,17,3,35,33,66,2,4,5,1.1846870183944702,0,0.2950279116630554,0.13495933092557466
9,17,3,35,33,66,2,4,5,1.145432949066162,0,0.2950279116630554,0.1351319092970628
9,17,3,35,33,66,2,4,5,1.2933504581451416,0,0.3043486177921295,0.1385955076951247
9,17,3,35,33,66,2,4,5,1.228716492652893,0,0.2950279116630554,0.13634731830694738
9,17,3,35,33,66,2,4,5,1.2867980003356934,0,0.2950279116630554,0.13622570037841797
9,17,3,35,33,66,2,4,5,1.3018611669540405,0,0.2950279116630554,0.13713867236406374
9,17,3,35,33,66,2,4,5,1.227728009223938,0,0.2950279116630554,0.1361211140950521
9,17,3,35,33,66,2,4,5,1.1958869695663452,0,0.2950279116630554,0.13425838030301607
9,17,3,35,33,66,2,4,5,1.2303264141082764,0,0.3043486177921295,0.1392051990215595
10,19,1,79,74,33,2,2,5,1.1890928745269775,0,0.3043486177921295,0.1417262737567608
10,19,1,79,74,33,2,2,5,1.3284298181533813,0,0.3043486177921295,0.13569134932297927
10,19,1,79,74,33,2,2,5,1.199444055557251,0,0.2950279116630554,0.1365537765698555
10,19,1,79,74,33,2,2,5,1.173357367515564,0,0.3043486177921295,0.13788703771737906
10,19,1,79,74,33,2,2,5,1.3423349857330322,0,0.3043486177921295,0.13212003463353866
10,19,1,79,74,33,2,2,5,1.1712929010391235,0,0.2950279116630554,0.13373272235576922
10,19,1,79,74,33,2,2,5,1.0638091564178467,0,0.2950279116630554,0.13628854507055038
10,19,1,79,74,33,2,2,5,1.202519416809082,0,0.2950279116630554,0.1317116174942408
10,19,1,79,74,33,2,2,5,1.1353261470794678,0,0.3043486177921295,0.13812793829502204
10,19,1,79,74,33,2,2,5,1.3082084655761719,0,0.2950279116630554,0.13701484142205653
11,14,6,56,79,38,1,3,0,1.9212839603424072,0,0.001080185640603304,0.11896403630574544
11,14,6,56,79,38,1,3,0,1.901777744293213,0,0.0010801868047565222,0.12749840663029596
11,14,6,56,79,38,1,3,0,1.8650259971618652,0,0.0010801868047565222,0.12329891400459485
11,14,6,56,79,38,1,3,0,1.911906123161316,0,0.0010801871540024877,0.12123420910957532
11,14,6,56,79,38,1,3,0,1.8815010786056519,0,0.0010801868047565222,0.11975504801823543
11,14,6,56,79,38,1,3,0,1.8743526935577393,0,0.0010801868047565222,0.12416223379281852
11,14,6,56,79,38,1,3,0,1.9011108875274658,0,0.0010801885509863496,0.12067258052336864
11,14,6,56,79,38,1,3,0,1.8692680597305298,0,0.0010801886674016714,0.12354014470027043
11,14,6,56,79,38,1,3,0,1.8952776193618774,0,0.0010801868047565222,0.12084063505515075
11,14,6,56,79,38,1,3,0,1.929556965827942,0,0.0010395459830760956,0.12102532998109475
12,5,1,3,18,4,5,2,2,1.3546708822250366,0,0.2950279116630554,0.13489026289719802
12,5,1,3,18,4,5,2,2,1.5895310640335083,0,0.3043486177921295,0.1327526630499424
12,5,1,3,18,4,5,2,2,1.2908015251159668,0,0.2950279116630554,0.13013249177199143
12,5,1,3,18,4,5,2,2,1.3763478994369507,0,0.3043486177921295,0.13364547338241187
12,5,1,3,18,4,5,2,2,1.3952542543411255,0,0.3043486177921295,0.13420427762545073
12,5,1,3,18,4,5,2,2,1.4971469640731812,0,0.2950279116630554,0.136476810161884
12,5,1,3,18,4,5,2,2,1.280288577079773,0,0.2950279116630554,0.13149524346376076
12,5,1,3,18,4,5,2,2,1.3756749629974365,0,0.3043486177921295,0.13353691345606095
12,5,1,3,18,4,5,2,2,1.392125129699707,0,0.2950279116630554,0.13380785477467072
12,5,1,3,18,4,5,2,2,1.3666887283325195,0,0.2950279116630554,0.1333472300798465
13,5,4,21,31,7,4,5,3,1.4493540525436401,0,0.0017139994306489825,0.13378561460054839
13,5,4,21,31,7,4,5,3,1.4410115480422974,0,0.0017139994306489825,0.13212207647470328
13,5,4,21,31,7,4,5,3,1.5245239734649658,0,0.0017139994306489825,0.1354223642593775
13,5,4,21,31,7,4,5,3,1.1311205625534058,0,0.0017139994306489825,0.13806824806409004
13,5,4,21,31,7,4,5,3,1.4916009902954102,0,0.0017139994306489825,0.13594719079824594
13,5,4,21,31,7,4,5,3,1.228197455406189,0,0.0017139994306489825,0.1396332031641251
13,5,4,21,31,7,4,5,3,1.4390078783035278,0,0.0017139994306489825,0.1351010371477176
13,5,4,21,31,7,4,5,3,1.4813505411148071,0,0.0017139994306489825,0.13207147060296473
13,5,4,21,31,7,4,5,3,1.4665727615356445,0,0.0017139994306489825,0.13224069888775164
13,5,4,21,31,7,4,5,3,1.4815930128097534,0,0.0017139994306489825,0.13192054552909654
14,24,21,71,87,62,1,3,2,1.9194303750991821,0,0.26999732851982117,0.12393898841662285
14,24,21,71,87,62,1,3,2,1.9009943008422852,0,0.26999732851982117,0.12427953573373648
14,24,21,71,87,62,1,3,2,1.9138120412826538,0,0.26999732851982117,0.12261122923630935
14,24,21,71,87,62,1,3,2,1.8893083333969116,0,0.26999732851982117,0.123871033008282
14,24,21,71,87,62,1,3,2,1.891218662261963,0,0.26999732851982117,0.1259728211622972
14,24,21,71,87,62,1,3,2,1.9134594202041626,0,0.26999732851982117,0.1224377216436924
14,24,21,71,87,62,1,3,2,1.8735159635543823,0,0.26999732851982117,0.1274556624583709
14,24,21,71,87,62,1,3,2,1.8917596340179443,0,0.26999732851982117,0.12188293995001377
14,24,21,71,87,62,1,3,2,1.932841181755066,0,0.26999732851982117,0.1225744516421587
14,24,21,71,87,62,1,3,2,1.9323453903198242,0,0.26999732851982117,0.12534622045663688
15,5,2,17,28,43,3,0,3,1.8725224733352661,0,0.007202979177236557,0.12717238450661683
15,5,2,17,28,43,3,0,3,1.9328434467315674,0,0.007202979177236557,0.12985809032733625
15,5,2,17,28,43,3,0,3,1.6989623308181763,0,0.007202979177236557,0.12573997790996844
15,5,2,17,28,43,3,0,3,1.1436258554458618,0,0.007202979177236557,0.13481663434933394
15,5,2,17,28,43,3,0,3,1.2780604362487793,0,0.007202979177236557,0.13940873512854943
15,5,2,17,28,43,3,0,3,1.1194703578948975,0,0.007202979177236557,0.13578284092438528
15,5,2,17,28,43,3,0,3,1.6356581449508667,0,0.007202979177236557,0.13596314650315505
15,5,2,17,28,43,3,0,3,1.209370493888855,0,0.007202979177236557,0.14040708541870117
15,5,2,17,28,43,3,0,3,1.5710104703903198,0,0.007202979177236557,0.12952611385247645
15,5,2,17,28,43,3,0,3,1.8316978216171265,0,0.007202979177236557,0.1287076534369053
16,5,8,70,82,60,5,4,1,1.925212025642395,0,0.30434954166412354,0.12322335365491036
16,5,8,70,82,60,5,4,1,1.92582106590271,0,0.30434954166412354,0.12257216526911809
16,5,8,70,82,60,5,4,1,1.929396390914917,0,0.30434954166412354,0.1172028566018129
16,5,8,70,82,60,5,4,1,1.9314833879470825,0,0.29502883553504944,0.12182877613947941
16,5,8,70,82,60,5,4,1,1.8846306800842285,0,0.29502883553504944,0.11723825259086414
16,5,8,70,82,60,5,4,1,1.9117517471313477,0,0.29502883553504944,0.11938872704139122
16,5,8,70,82,60,5,4,1,1.9288915395736694,0,0.29502883553504944,0.12539144662710336
16,5,8,70,82,60,5,4,1,1.9255104064941406,0,0.30434954166412354,0.12183836178901868
16,5,8,70,82,60,5,4,1,1.916519045829773,0,0.30434954166412354,0.12270300204937275
16,5,8,70,82,60,5,4,1,1.9010871648788452,0,0.29502883553504944,0.12058656643598507
17,17,4,84,100,69,4,4,3,1.0945261716842651,0,0.0017139994306489825,0.13716783279027694
17,17,4,84,100,69,4,4,3,0.9969139099121094,0,0.0017139994306489825,0.14007411858974358
17,17,4,84,100,69,4,4,3,1.0869354009628296,0,0.0017139994306489825,0.13789658668713692
17,17,4,84,100,69,4,4,3,1.0443060398101807,0,0.0017139994306489825,0.13896544774373373
17,17,4,84,100,69,4,4,3,1.0155818462371826,0,0.0017139994306489825,0.1392198831607134
17,17,4,84,100,69,4,4,3,1.0850849151611328,0,0.0017139994306489825,0.1389600558158679
17,17,4,84,100,69,4,4,3,1.0580756664276123,0,0.0017139994306489825,0.14159196462386694
17,17,4,84,100,69,4,4,3,1.2769289016723633,0,0.0017139994306489825,0.13722610473632812
17,17,4,84,100,69,4,4,3,1.0505454540252686,0,0.0017139994306489825,0.14008139341305464
17,17,4,84,100,69,4,4,3,0.9925665259361267,0,0.0017139994306489825,0.1432663110586313
18,13,25,10,60,39,1,4,5,1.0440335273742676,0,0.2950279116630554,0.14040204806205553
18,13,25,10,60,39,1,4,5,1.2919214963912964,0,0.3043486177921295,0.13376991565410906
18,13,25,10,60,39,1,4,5,1.0130122900009155,0,0.2950279116630554,0.14121005473992762
18,13,25,10,60,39,1,4,5,1.0735840797424316,0,0.2950279116630554,0.1398459948026217
18,13,25,10,60,39,1,4,5,1.26166570186615,0,0.2950279116630554,0.13500670897654998
18,13,25,10,60,39,1,4,5,1.07763671875,0,0.2950279116630554,0.13975747426350912
18,13,25,10,60,39,1,4,5,1.2149831056594849,0,0.2950279116630554,0.13569513956705728
18,13,25,10,60,39,1,4,5,1.0927780866622925,0,0.2950279116630554,0.13860612037854317
18,13,25,10,60,39,1,4,5,1.2332171201705933,0,0.3043486177921295,0.13614720564622146
18,13,25,10,60,39,1,4,5,1.2402701377868652,0,0.2950279116630554,0.136842348636725
19,6,9,53,25,82,1,3,3,1.085753321647644,0,0.004912470001727343,0.14251332405285957
19,6,9,53,25,82,1,3,3,1.0415923595428467,0,0.004912470001727343,0.14085933489677233
19,6,9,53,25,82,1,3,3,1.0810312032699585,0,0.004912470001727343,0.1414183469919058
19,6,9,53,25,82,1,3,3,1.0257749557495117,0,0.004912470001727343,0.14158431077614808
19,6,9,53,25,82,1,3,3,1.196559190750122,0,0.004912470001727343,0.13446980256300706
19,6,9,53,25,82,1,3,3,1.0114763975143433,0,0.004912470001727343,0.13968640107374924
19,6,9,53,25,82,1,3,3,1.1186939477920532,0,0.004912470001727343,0.14514501278217024
19,6,9,53,25,82,1,3,3,1.1668577194213867,0,0.004912470001727343,0.13862313979711288
19,6,9,53,25,82,1,3,3,1.0221242904663086,0,0.004912470001727343,0.14174996889554536
19,6,9,53,25,82,1,3,3,1.0056209564208984,0,0.004912470001727343,0.13852958190135467
20,1,21,47,2,39,0,5,4,1.9072363376617432,0,0.26999732851982117,0.125454217959673
20,1,21,47,2,39,0,5,4,1.8719723224639893,0,0.26999732851982117,0.12224657107622196
20,1,21,47,2,39,0,5,4,1.8889408111572266,0,0.26999732851982117,0.12347679871779221
20,1,21,47,2,39,0,5,4,1.9265557527542114,0,0.26999732851982117,0.12397231811132187
20,1,21,47,2,39,0,5,4,1.899124264717102,0,0.26999732851982117,0.12780578319843
20,1,21,47,2,39,0,5,4,1.9084526300430298,0,0.26999732851982117,0.12476650873819987
20,1,21,47,2,39,0,5,4,1.8916839361190796,0,0.26999732851982117,0.13080968612279648
20,1,21,47,2,39,0,5,4,1.9036588668823242,0,0.26999732851982117,0.12426032775487655
20,1,21,47,2,39,0,5,4,1.8903143405914307,0,0.26999732851982117,0.12708255572196764
20,1,21,47,2,39,0,5,4,1.896365761756897,0,0.26999732851982117,0.12104275287725987
21,24,5,36,7,83,5,1,0,1.6921381950378418,0,0.3043486177921295,0.13131369077242339
21,24,5,36,7,83,5,1,0,1.7204902172088623,0,0.3043486177921295,0.1299588741400303
21,24,5,36,7,83,5,1,0,1.8489527702331543,0,0.2950279116630554,0.12817873098911384
21,24,5,36,7,83,5,1,0,1.8337785005569458,0,0.3043486177921295,0.13164477470593575
21,24,5,36,7,83,5,1,0,1.7983381748199463,0,0.3043486177921295,0.13355275912162584
21,24,5,36,7,83,5,1,0,1.7733522653579712,0,0.2950279116630554,0.12468385696411133
21,24,5,36,7,83,5,1,0,1.8432307243347168,0,0.2950279116630554,0.132445983397655
21,24,5,36,7,83,5,1,0,1.5314236879348755,0,0.2950279116630554,0.1295634660965357
21,24,5,36,7,83,5,1,0,1.6723551750183105,0,0.3043486177921295,0.12818034489949545
21,24,5,36,7,83,5,1,0,1.54686439037323,0,0.3043486177921295,0.1297606321481558
22,13,24,33,94,96,4,2,4,1.313679814338684,0,0.00015587967936880887,0.13806709876427284
22,13,24,33,94,96,4,2,4,1.2503398656845093,0,0.006846236065030098,0.13480377197265625
22,13,24,33,94,96,4,2,4,1.2075159549713135,0,0.0005727069801650941,0.13704414856739533
22,13,24,33,94,96,4,2,4,1.2866238355636597,0,0.004545587580651045,0.1343383299998748
22,13,24,33,94,96,4,2,4,1.3079394102096558,0,0.006846236065030098,0.13433365944104317
22,13,24,33,94,96,4,2,4,1.326607346534729,0,0.0034765847958624363,0.13511123412694687
22,13,24,33,94,96,4,2,4,1.5370625257492065,0,0.0014674450503662229,0.12915672400058845
22,13,24,33,94,96,4,2,4,1.2513493299484253,0,0.0049452269449830055,0.13629493957910782
22,13,24,33,94,96,4,2,4,1.1770683526992798,0,0.006846236065030098,0.1373128524193397
22,13,24,33,94,96,4,2,4,1.2666447162628174,0,0.006846236065030098,0.13370841588729468
23,23,23,54,84,0,4,5,3,1.3661069869995117,0,0.2950279116630554,0.13223733657445663
23,23,23,54,84,0,4,5,3,1.2792303562164307,0,0.2950279116630554,0.1345984630095653
23,23,23,54,84,0,4,5,3,1.2758910655975342,0,0.2950279116630554,0.1339905934456067
23,23,23,54,84,0,4,5,3,1.3004759550094604,0,0.2950279116630554,0.13119124143551558
23,23,23,54,84,0,4,5,3,1.467374324798584,0,0.2950279116630554,0.13383740645188552
23,23,23,54,84,0,4,5,3,1.335539698600769,0,0.2950279116630554,0.13201324756328875
23,23,23,54,84,0,4,5,3,1.2328524589538574,0,0.3043486177921295,0.13293854395548502
23,23,23,54,84,0,4,5,3,1.3753137588500977,0,0.2950279116630554,0.13629758052336863
23,23,23,54,84,0,4,5,3,1.3879085779190063,0,0.3043486177921295,0.13365041292630708
23,23,23,54,84,0,4,5,3,1.384128212928772,0,0.2950279116630554,0.13288206931872246
24,11,18,63,33,81,3,4,4,1.2527437210083008,0,0.001499788835644722,0.13240317809276092
24,11,18,63,33,81,3,4,4,1.3432406187057495,0,0.002199161099269986,0.1346892454685309
24,11,18,63,33,81,3,4,4,1.1698172092437744,0,0.0005078096291981637,0.1394782922206781
24,11,18,63,33,81,3,4,4,1.2409881353378296,0,0.0008907776791602373,0.1337468807513897
24,11,18,63,33,81,3,4,4,1.2935830354690552,0,0.0016390018863603473,0.13381490951929337
24,11,18,63,33,81,3,4,4,1.3165305852890015,0,0.0008553134393878281,0.13582829940013397
24,11,18,63,33,81,3,4,4,1.1759867668151855,0,0.0008615910192020237,0.13268163876655775
24,11,18,63,33,81,3,4,4,1.1578682661056519,0,0.0023803364019840956,0.13869625482803735
24,11,18,63,33,81,3,4,4,1.3273735046386719,0,0.0009352386696264148,0.13607286795591697
24,11,18,63,33,81,3,4,4,1.2124923467636108,0,0.001878589391708374,0.13777962709084535
25,1,22,32,96,33,3,2,2,1.0304787158966064,0,0.016581403091549873,0.13909385143182215
25,1,22,32,96,33,3,2,2,1.0678080320358276,0,0.016546931117773056,0.14179103802411985
25,1,22,32,96,33,3,2,2,1.1402298212051392,0,0.01851600408554077,0.13395113822741386
25,1,22,32,96,33,3,2,2,1.0070897340774536,0,0.01839526928961277,0.13943025393363756
25,1,22,32,96,33,3,2,2,1.189875841140747,0,0.018469205126166344,0.13437578005668444
25,1,22,32,96,33,3,2,2,1.1887245178222656,0,0.01661357842385769,0.13762360352736253
25,1,22,32,96,33,3,2,2,1.1400296688079834,0,0.01847541332244873,0.13707565649961814
25,1,22,32,96,33,3,2,2,1.111411452293396,0,0.01661074534058571,0.1378164902711526
25,1,22,32,96,33,3,2,2,1.0981245040893555,0,0.01839803345501423,0.1413883184775328
25,1,22,32,96,33,3,2,2,1.1603914499282837,0,0.016579030081629753,0.13787230467184997
26,4,19,46,55,11,1,5,0,1.2944326400756836,46,0.0002354124002158642,0.13490850497514772
26,4,19,46,55,11,1,5,0,1.3491352796554565,64,0.0002354124002158642,0.1358480942554963
26,4,19,46,55,11,1,5,0,1.3441591262817383,71,0.0002354124002158642,0.13430250608004057
26,4,19,46,55,11,1,5,0,1.3103433847427368,55,0.0002354124002158642,0.13475249363825872
26,4,19,46,55,11,1,5,0,1.4507030248641968,51,0.0002354124002158642,0.1336970329284668
26,4,19,46,55,11,1,5,0,1.340325951576233,66,0.0002354124002158642,0.13486673893072668
26,4,19,46,55,11,1,5,0,1.302371859550476,62,0.0002354124002158642,0.13464587774032202
26,4,19,46,55,11,1,5,0,1.3846359252929688,77,0.00011694023385643959,0.13610469377957857
26,4,19,46,55,11,1,5,0,1.3773775100708008,52,0.0002354124002158642,0.13606470059125853
26,4,19,46,55,11,1,5,0,1.368173360824585,52,0.0002354124002158642,0.13584443850395006
27,19,4,90,80,93,5,1,0,1.5702893733978271,0,0.0017139994306489825,0.1301125868772849
27,19,4,90,80,93,5,1,0,1.0607166290283203,0,0.0017139994306489825,0.14029552997686925
27,19,4,90,80,93,5,1,0,1.0036873817443848,0,0.0017139994306489825,0.1425924423413399
27,19,4,90,80,93,5,1,0,1.0118426084518433,0,0.0017139994306489825,0.13948676525018153
27,19,4,90,80,93,5,1,0,1.7203656435012817,0,0.0017139994306489825,0.1255478736681816
27,19,4,90,80,93,5,1,0,1.046938180923462,0,0.0017139994306489825,0.139617064060309
27,19,4,90,80,93,5,1,0,1.9100230932235718,0,0.0017139994306489825,0.12705266170012644
27,19,4,90,80,93,5,1,0,0.9777026772499084,0,0.0017139994306489825,0.14186410414866912
27,19,4,90,80,93,5,1,0,1.2767605781555176,0,0.0017139994306489825,0.1345840111756936
27,19,4,90,80,93,5,1,0,1.039790391921997,0,0.0017139994306489825,0.13999448678432366
28,24,20,97,0,88,1,3,2,0.9022644758224487,12,0.0005638584867119789,0.14606937995323768
28,24,20,97,0,88,1,3,2,1.1315956115722656,9,0.0005638584867119789,0.14386895986703727
28,24,20,97,0,88,1,3,2,1.0696913003921509,11,0.0005638584867119789,0.1426987525744316
28,24,20,97,0,88,1,3,2,1.1773489713668823,10,0.0005638584867119789,0.13705049416957757
28,24,20,97,0,88,1,3,2,0.9057218432426453,16,0.0005638584867119789,0.14568279951046675
28,24,20,97,0,88,1,3,2,1.167123556137085,9,0.0005638584867119789,0.13752114467131785
28,24,20,97,0,88,1,3,2,0.8760605454444885,14,0.0005638584867119789,0.1445145484728691
28,24,20,97,0,88,1,3,2,1.0029680728912354,27,0.0005638584867119789,0.15772063915546125
28,24,20,97,0,88,1,3,2,1.1516735553741455,11,0.0005638584867119789,0.13687729224180564
28,24,20,97,0,88,1,3,2,1.1392966508865356,9,0.0005638584867119789,0.1401830575405023
29,11,15,41,45,46,5,4,0,0.8903387188911438,0,0.00237649236805737,0.10981924105913211
29,11,15,41,45,46,5,4,0,0.8835470080375671,0,0.00242806994356215,0.11033188991057567
29,11,15,41,45,46,5,4,0,1.885545253753662,0,0.2950279116630554,0.12364776317889874
29,11,15,41,45,46,5,4,0,1.900910496711731,0,0.3043486177921295,0.12537347353421724
29,11,15,41,45,46,5,4,0,1.4637112617492676,0,0.002397841541096568,0.13672574361165366
29,11,15,41,45,46,5,4,0,0.8525722622871399,0,0.00047938316129148006,0.09783511895399827
29,11,15,41,45,46,5,4,0,1.4017550945281982,0,0.001107297372072935,0.1327984027373485
29,11,15,41,45,46,5,4,0,0.8989349603652954,0,0.0011193857062608004,0.11225490081004608
29,11,15,41,45,46,5,4,0,0.8764104247093201,0,0.0011027122382074594,0.10610488744882438
29,11,15,41,45,46,5,4,0,1.3064930438995361,0,0.002239506458863616,0.13327829654400164
30,9,1,36,87,19,3,0,1,1.162646770477295,0,0.3043486177921295,0.13945624767205653
30,9,1,36,87,19,3,0,1,1.0878305435180664,0,0.3043486177921295,0.13462611956474108
30,9,1,36,87,19,3,0,1,1.2654112577438354,0,0.3043486177921295,0.13094543799375877
30,9,1,36,87,19,3,0,1,1.0238662958145142,0,0.2950279116630554,0.1378331184387207
30,9,1,36,87,19,3,0,1,1.0767837762832642,0,0.2950279116630554,0.14166607000888923
30,9,1,36,87,19,3,0,1,1.267463207244873,0,0.3043486177921295,0.13427267319116837
30,9,1,36,87,19,3,0,1,1.109714150428772,0,0.2950279116630554,0.13786928470318133
30,9,1,36,87,19,3,0,1,1.070168137550354,0,0.2950279116630554,0.13572987532004333
30,9,1,36,87,19,3,0,1,1.0956214666366577,0,0.3043486177921295,0.13756386439005533
30,9,1,36,87,19,3,0,1,1.0965981483459473,0,0.3043486177921295,0.13482235639523238
31,10,15,7,49,54,3,3,4,1.283270239830017,0,2.069793663395103e-05,0.13640538240090394
31,10,15,7,49,54,3,3,4,1.4598356485366821,0,0.0016366781201213598,0.13254717068794447
31,10,15,7,49,54,3,3,4,1.6041606664657593,0,9.069938823813573e-05,0.13016354732024363
31,10,15,7,49,54,3,3,4,1.503003478050232,0,0.001483254600316286,0.13152414713150415
31,10,15,7,49,54,3,3,4,1.2726454734802246,0,0.0021774903871119022,0.13483145298101964
31,10,15,7,49,54,3,3,4,1.2350151538848877,0,2.396691525063943e-05,0.1355292735955654
31,10,15,7,49,54,3,3,4,1.223152995109558,0,6.618502993660513e-06,0.1321100210532164
31,10,15,7,49,54,3,3,4,1.554696798324585,0,0.001658209483139217,0.13405994268564078
31,10,15,7,49,54,3,3,4,1.6120175123214722,0,8.158782293321565e-05,0.129333740625626
31,10,15,7,49,54,3,3,4,1.333814024925232,0,0.002248801290988922,0.1361989363645896
32,16,8,73,94,43,4,4,2,1.9125615358352661,0,0.30434954166412354,0.11946338262313451
32,16,8,73,94,43,4,4,2,1.9213743209838867,0,0.29502883553504944,0.12373743301782852
32,16,8,73,94,43,4,4,2,1.906244158744812,0,0.30434954166412354,0.1197661986717811
32,16,8,73,94,43,4,4,2,1.9179630279541016,0,0.29502883553504944,0.12384885396712865
32,16,8,73,94,43,4,4,2,1.934553623199463,0,0.30434954166412354,0.12570805427355644
32,16,8,73,94,43,4,4,2,1.9354376792907715,0,0.30434954166412354,0.12279482376881135
32,16,8,73,94,43,4,4,2,1.9246338605880737,0,0.29502883553504944,0.1213390643780048
32,16,8,73,94,43,4,4,2,1.9126302003860474,0,0.29502883553504944,0.12299284568199745
32,16,8,73,94,43,4,4,2,1.9116240739822388,0,0.29502883553504944,0.12003262837727864
32,16,8,73,94,43,4,4,2,1.918393850326538,0,0.29502883553504944,0.11919428752018855
33,6,3,96,58,57,4,4,0,1.6130421161651611,0,0.2950279116630554,0.13254075172619942
33,6,3,96,58,57,4,4,0,1.497418999671936,0,0.2950279116630554,0.13022762689834985
33,6,3,96,58,57,4,4,0,1.410261869430542,0,0.2950279116630554,0.13219801584879556
33,6,3,96,58,57,4,4,0,1.5262664556503296,0,0.3043486177921295,0.13515188755133214
33,6,3,96,58,57,4,4,0,1.6365888118743896,0,0.2950279116630554,0.13411470559927133
33,6,3,96,58,57,4,4,0,1.2980579137802124,0,0.2950279116630554,0.1292888812529735
33,6,3,96,58,57,4,4,0,1.3733396530151367,0,0.2950279116630554,0.12736914708064154
33,6,3,96,58,57,4,4,0,1.5630438327789307,0,0.2950279116630554,0.12940602424817207
33,6,3,96,58,57,4,4,0,1.598309874534607,0,0.2950279116630554,0.13361027301886144
33,6,3,96,58,57,4,4,0,1.417769193649292,0,0.2950279116630554,0.13385863181872246
34,17,17,44,11,29,1,1,1,1.9228525161743164,57,0.003043486177921295,0.1276105122688489
34,17,17,44,11,29,1,1,1,1.9024856090545654,50,0.003043486177921295,0.12752702908638197
34,17,17,44,11,29,1,1,1,1.8434486389160156,51,0.003043486177921295,0.1268145121060885
34,17,17,44,11,29,1,1,1,1.8952041864395142,57,0.003043486177921295,0.12668360196627104
34,17,17,44,11,29,1,1,1,1.9283491373062134,59,0.0029502791166305543,0.12723475236159104
34,17,17,44,11,29,1,1,1,1.106326699256897,102,0.0015632037539035082,0.1136019046490009
34,17,17,44,11,29,1,1,1,1.8970729112625122,58,0.003043486177921295,0.12660339551094252
34,17,17,44,11,29,1,1,1,1.8503018617630005,56,0.0029502791166305543,0.12657628915248773
34,17,17,44,11,29,1,1,1,0.974567174911499,114,0.003043486177921295,0.11466707327427009
34,17,17,44,11,29,1,1,1,1.8636807203292847,68,0.003043486177921295,0.12758514208671373
35,14,22,93,98,97,4,4,5,1.7426875829696655,0,0.018534481525421143,0.1329804689456255
35,14,22,93,98,97,4,4,5,1.425519347190857,0,0.018541058525443077,0.12910013932448167
35,14,22,93,98,97,4,4,5,1.6318845748901367,0,0.01853027753531933,0.13443268262423003
35,14,22,93,98,97,4,4,5,1.4998518228530884,0,0.018545852974057198,0.13432645797729492
35,14,22,93,98,97,4,4,5,1.5359050035476685,0,0.018510641530156136,0.1292891135582557
35,14,22,93,98,97,4,4,5,1.675610899925232,0,0.0216757133603096,0.13323431748610276
35,14,22,93,98,97,4,4,5,1.407971978187561,0,0.016647832468152046,0.13202659900371844
35,14,22,93,98,97,4,4,5,1.3465379476547241,0,0.018688542768359184,0.12923309130546373
35,14,22,93,98,97,4,4,5,1.5045819282531738,0,0.018557395786046982,0.1326010899666028
35,14,22,93,98,97,4,4,5,1.4949638843536377,0,0.018674077466130257,0.13203941247402093
36,13,19,17,44,49,2,0,3,1.3145275115966797,0,0.010894342325627804,0.13468348674285105
36,13,19,17,44,49,2,0,3,1.274369716644287,0,0.010938073508441448,0.1354511089814015
36,13,19,17,44,49,2,0,3,1.2536948919296265,0,0.01499288622289896,0.13701868057250977
36,13,19,17,44,49,2,0,3,1.2486209869384766,0,0.010909197852015495,0.13639432956010866
36,13,19,17,44,49,2,0,3,1.2304763793945312,0,0.015062151476740837,0.13606721926958132
36,13,19,17,44,49,2,0,3,1.4301748275756836,0,0.01090791542083025,0.1353300412495931
36,13,19,17,44,49,2,0,3,1.432041883468628,0,0.010895853862166405,0.13568189816597181
36,13,19,17,44,49,2,0,3,1.3946489095687866,0,0.01086778100579977,0.136992124410776
36,13,19,17,44,49,2,0,3,1.3707524538040161,0,0.010937434621155262,0.13617175664657202
36,13,19,17,44,49,2,0,3,1.2174075841903687,0,0.01091142650693655,0.1366720566382775
37,1,8,0,10,18,1,3,0,1.896207571029663,0,0.29502883553504944,0.12000310115325145
37,1,8,0,10,18,1,3,0,1.9188600778579712,0,0.29502883553504944,0.11868536777985401
37,1,8,0,10,18,1,3,0,1.8873523473739624,0,0.29502883553504944,0.12215461486425155
37,1,8,0,10,18,1,3,0,1.9339606761932373,0,0.30434954166412354,0.12124798848078801
37,1,8,0,10,18,1,3,0,1.9082961082458496,0,0.30434954166412354,0.12203813210511819
37,1,8,0,10,18,1,3,0,1.884228229522705,0,0.29502883553504944,0.12261561858348358
37,1,8,0,10,18,1,3,0,1.890292763710022,0,0.29502883553504944,0.1177520996485001
37,1,8,0,10,18,1,3,0,1.9301445484161377,0,0.30434954166412354,0.12690243354210487
37,1,8,0,10,18,1,3,0,1.9157220125198364,0,0.30434954166412354,0.11987738731579903
37,1,8,0,10,18,1,3,0,1.936192512512207,0,0.29502883553504944,0.12053874822763297
38,2,15,0,58,50,2,5,0,1.407700777053833,0,0.0018352154875174165,0.13057927596263397
38,2,15,0,58,50,2,5,0,1.363051414489746,0,0.0012461107689887285,0.12953988099709535
38,2,15,0,58,50,2,5,0,1.3672462701797485,0,0.0019500667694956064,0.13509262525118315
38,2,15,0,58,50,2,5,0,1.5550910234451294,0,0.0012722924584522843,0.13182526368361253
38,2,15,0,58,50,2,5,0,1.3153797388076782,0,0.002381696831434965,0.13380989661583534
38,2,15,0,58,50,2,5,0,1.472507357597351,0,0.0018386868759989738,0.134426385928423
38,2,15,0,58,50,2,5,0,1.5561285018920898,0,0.00028075408772565424,0.1303132741879194
38,2,15,0,58,50,2,5,0,1.3940445184707642,0,0.0016892424318939447,0.12998365744566306
38,2,15,0,58,50,2,5,0,1.3250213861465454,0,0.0021066153421998024,0.13419846999339569
38,2,15,0,58,50,2,5,0,1.7985538244247437,0,0.2950279116630554,0.13015247002626076
39,3,1,48,74,89,4,2,3,0.9508790969848633,0,0.2950279116630554,0.12129039030808669
39,3,1,48,74,89,4,2,3,0.9314035773277283,0,0.2950279116630554,0.11842708098582733
39,3,1,48,74,89,4,2,3,0.9341518878936768,0,0.2950279116630554,0.11827196219028571
39,3,1,48,74,89,4,2,3,0.9417216777801514,0,0.2950279116630554,0.1213530638279059
39,3,1,48,74,89,4,2,3,0.9356297254562378,0,0.3043486177921295,0.11823568588648087
39,3,1,48,74,89,4,2,3,0.9538639783859253,0,0.3043486177921295,0.11698187314547025
39,3,1,48,74,89,4,2,3,1.162216305732727,0,0.2950279116630554,0.1361069190196502
39,3,1,48,74,89,4,2,3,1.8981857299804688,0,0.3043486177921295,0.13041314100607848
39,3,1,48,74,89,4,2,3,0.9428161978721619,0,0.3043486177921295,0.12012127118232922
39,3,1,48,74,89,4,2,3,0.9412192106246948,0,0.2950279116630554,0.12136189142862956
40,5,13,5,62,42,4,1,5,1.5638879537582397,0,0.028249293565750122,0.13088325353769156
40,5,13,5,62,42,4,1,5,1.8573455810546875,0,0.028249293565750122,0.12646122467823517
40,5,13,5,62,42,4,1,5,1.8857102394104004,0,0.028249293565750122,0.1285236432002141
40,5,13,5,62,42,4,1,5,1.8330187797546387,0,0.028249293565750122,0.12938730533306414
40,5,13,5,62,42,4,1,5,1.8785207271575928,0,0.028249293565750122,0.1319277225396572
40,5,13,5,62,42,4,1,5,1.520240068435669,0,0.028249293565750122,0.12847165572337615
40,5,13,5,62,42,4,1,5,1.846346378326416,0,0.028249293565750122,0.12827922136355668
40,5,13,5,62,42,4,1,5,1.5962278842926025,0,0.028249293565750122,0.12772875565748948
40,5,13,5,62,42,4,1,5,1.5705498456954956,0,0.028249293565750122,0.126893495902037
40,5,13,5,62,42,4,1,5,1.5512099266052246,0,0.029265353456139565,0.12943662741245368
41,24,24,88,41,55,0,5,0,1.411163568496704,10,0.006846236065030098,0.1343523783561511
41,24,24,88,41,55,0,5,0,1.6439658403396606,10,0.006846236065030098,0.13258789747189254
41,24,24,88,41,55,0,5,0,1.4287573099136353,10,0.0015361985424533486,0.1329927811255822
41,24,24,88,41,55,0,5,0,1.8122292757034302,11,0.006846236065030098,0.13530176113813353
41,24,24,88,41,55,0,5,0,1.5433647632598877,12,0.006846236065030098,0.12982649680895683
41,24,24,88,41,55,0,5,0,1.4163169860839844,8,0.006846236065030098,0.13397823235927483
41,24,24,88,41,55,0,5,0,1.4546043872833252,9,0.006846236065030098,0.13190639936006987
41,24,24,88,41,55,0,5,0,1.418630599975586,9,0.006846236065030098,0.13303374021481246
41,24,24,88,41,55,0,5,0,1.416487455368042,10,0.006846236065030098,0.13485404772636217
41,24,24,88,41,55,0,5,0,1.6301040649414062,8,0.006846236065030098,0.13355656159229767
42,20,11,84,38,100,5,1,5,1.618394136428833,0,0.29502761363983154,0.1294844578473996
42,20,11,84,38,100,5,1,5,1.8808107376098633,0,0.30434828996658325,0.13082081232315454
42,20,11,84,38,100,5,1,5,1.9166301488876343,0,0.30434828996658325,0.13114135693281126
42,20,11,84,38,100,5,1,5,1.7031091451644897,0,0.29502761363983154,0.13114485373863807
42,20,11,84,38,100,5,1,5,1.821186900138855,0,0.30434828996658325,0.13103201450445714
42,20,11,84,38,100,5,1,5,1.8640108108520508,0,0.29502761363983154,0.12784212063520384
42,20,11,84,38,100,5,1,5,1.9084587097167969,0,0.29502761363983154,0.13024360705644655
42,20,11,84,38,100,5,1,5,1.8990514278411865,0,0.29502761363983154,0.13233047876602563
42,20,11,84,38,100,5,1,5,1.6986379623413086,0,0.29502761363983154,0.12938621716621596
42,20,11,84,38,100,5,1,5,1.7488728761672974,0,0.29502761363983154,0.13257615994184446
43,11,24,86,57,77,5,0,1,1.4592350721359253,0,0.0033237170428037643,0.13327932357788086
43,11,24,86,57,77,5,0,1,1.5478047132492065,0,0.006846236065030098,0.13450287549923629
43,11,24,86,57,77,5,0,1,1.6019622087478638,0,0.0009267323184758425,0.13663203899676984
43,11,24,86,57,77,5,0,1,1.4441062211990356,0,0.00295809144154191,0.13210160915668195
43,11,24,86,57,77,5,0,1,1.422365427017212,0,0.006846236065030098,0.13465268795306867
43,11,24,86,57,77,5,0,1,1.3903156518936157,0,0.006846236065030098,0.13524814752432016
43,11,24,86,57,77,5,0,1,1.5967098474502563,0,0.006846236065030098,0.1355932431343274
43,11,24,86,57,77,5,0,1,1.3831731081008911,0,0.006846236065030098,0.13406071296105018
43,11,24,86,57,77,5,0,1,1.4276072978973389,0,0.006846236065030098,0.12925342413095328
43,11,24,86,57,77,5,0,1,1.2679879665374756,0,0.006846236065030098,0.13316897856883514
44,5,7,96,99,35,5,4,1,1.224083662033081,0,0.01054379902780056,0.13688379678970727
44,5,7,96,99,35,5,4,1,1.2095496654510498,0,0.01054379902780056,0.13529903460771608
44,5,7,96,99,35,5,4,1,1.3217662572860718,0,0.01054379902780056,0.1331350864508213
44,5,7,96,99,35,5,4,1,1.2281489372253418,0,0.01054379902780056,0.1361975914392716
44,5,7,96,99,35,5,4,1,1.1563093662261963,0,0.01054379902780056,0.1342926392188439
44,5,7,96,99,35,5,4,1,1.3241310119628906,0,0.01054379902780056,0.13574666243333083
44,5,7,96,99,35,5,4,1,1.2618675231933594,0,0.01054379902780056,0.1364281116387783
44,5,7,96,99,35,5,4,1,1.2939932346343994,0,0.01054379902780056,0.1309490570655236
44,5,7,96,99,35,5,4,1,1.3463224172592163,0,0.01054379902780056,0.13300439638969225
44,5,7,96,99,35,5,4,1,1.1605043411254883,0,0.01054379902780056,0.132811644138434
45,11,4,74,16,67,4,1,0,1.8486604690551758,0,0.0017139994306489825,0.12370077768961589
45,11,4,74,16,67,4,1,0,1.9275635480880737,0,0.0017139994306489825,0.12579820094964442
45,11,4,74,16,67,4,1,0,1.4387930631637573,0,0.0017139994306489825,0.13533171629294372
45,11,4,74,16,67,4,1,0,1.913713812828064,0,0.0017139994306489825,0.12641245279556665
45,11,4,74,16,67,4,1,0,1.888794183731079,0,0.0017139994306489825,0.12458178935906826
45,11,4,74,16,67,4,1,0,1.9177896976470947,0,0.0017139994306489825,0.12252640112852439
45,11,4,74,16,67,4,1,0,1.8704386949539185,0,0.0017139994306489825,0.124296750777807
45,11,4,74,16,67,4,1,0,1.9213359355926514,0,0.0017139994306489825,0.12472141706026517
45,11,4,74,16,67,4,1,0,1.3849300146102905,0,0.0017139994306489825,0.13317806292802858
45,11,4,74,16,67,4,1,0,1.8307191133499146,0,0.0017139994306489825,0.127168520902976
46,18,12,35,53,56,2,3,5,1.835756778717041,0,0.00103710254188627,0.12114407466008113
46,18,12,35,53,56,2,3,5,1.9039154052734375,0,0.0009573868592269719,0.1218723028134077
46,18,12,35,53,56,2,3,5,1.9241617918014526,0,0.00044070123112760484,0.12281271127554086
46,18,12,35,53,56,2,3,5,1.861870288848877,0,0.000984563259407878,0.11837538694724059
46,18,12,35,53,56,2,3,5,1.8973253965377808,0,0.0015051406808197498,0.11921256627791967
46,18,12,35,53,56,2,3,5,1.9188152551651,0,0.0018235137686133385,0.11968668913229918
46,18,12,35,53,56,2,3,5,1.9328852891921997,0,0.0018601093906909227,0.1205902221875313
46,18,12,35,53,56,2,3,5,1.876702904701233,0,0.0001639609399717301,0.1207112287863707
46,18,12,35,53,56,2,3,5,1.904876708984375,0,0.0018571058753877878,0.12361345535669571
46,18,12,35,53,56,2,3,5,1.866950511932373,0,0.0009430338395759463,0.12011971840491661
47,6,15,39,75,22,0,4,2,1.5034140348434448,0,0.0023775636218488216,0.13183119358160558
47,6,15,39,75,22,0,4,2,1.5756306648254395,0,0.2950279116630554,0.12891539549216247
47,6,15,39,75,22,0,4,2,1.5710328817367554,0,0.002357935532927513,0.13286125965607473
47,6,15,39,75,22,0,4,2,1.5204306840896606,0,0.0023196740075945854,0.13154331843058267
47,6,15,39,75,22,0,4,2,1.5944135189056396,0,0.002568228868767619,0.13344718248416215
47,6,15,39,75,22,0,4,2,1.5965555906295776,0,0.002535563427954912,0.13207554205870017
47,6,15,39,75,22,0,4,2,1.5505863428115845,0,0.2950279116630554,0.1331623028486203
47,6,15,39,75,22,0,4,2,1.5418076515197754,0,0.2950279116630554,0.12578014227060172
47,6,15,39,75,22,0,4,2,1.3944708108901978,0,0.3043486177921295,0.1284977595011393
47,6,15,39,75,22,0,4,2,1.522487759590149,0,0.002371142152696848,0.13324376864311022
48,22,2,75,25,56,4,4,5,1.9024543762207031,0,0.007202979177236557,0.12604435896262145
48,22,2,75,25,56,4,4,5,1.1477153301239014,0,0.007202979177236557,0.14047672809698644
48,22,2,75,25,56,4,4,5,1.813119649887085,0,0.007202979177236557,0.12904977798461914
48,22,2,75,25,56,4,4,5,1.2733083963394165,0,0.007202979177236557,0.13724418786855844
48,22,2,75,25,56,4,4,5,1.8950146436691284,0,0.007202979177236557,0.12640578930194563
48,22,2,75,25,56,4,4,5,1.3012549877166748,0,0.007202979177236557,0.13808862979595476
48,22,2,75,25,56,4,4,5,1.7683079242706299,0,0.007202979177236557,0.1301726805858123
48,22,2,75,25,56,4,4,5,1.174629807472229,0,0.007202979177236557,0.13694418393648589
48,22,2,75,25,56,4,4,5,1.1430178880691528,0,0.007202979177236557,0.13629430379623023
48,22,2,75,25,56,4,4,5,1.2766565084457397,0,0.007202979177236557,0.13356950955513197
49,24,25,83,59,42,4,4,4,0.9719525575637817,0,0.2950279116630554,0.14104301501543093
49,24,25,83,59,42,4,4,4,1.020710825920105,0,0.3043486177921295,0.14246643506563628
49,24,25,83,59,42,4,4,4,0.9975109100341797,0,0.3043486177921295,0.14120034682445037
49,24,25,83,59,42,4,4,4,0.9643501043319702,0,0.2950279116630554,0.14261811818832007
49,24,25,83,59,42,4,4,4,0.9722684621810913,0,0.2950279116630554,0.1440135637919108
49,24,25,83,59,42,4,4,4,1.0127464532852173,0,0.2950279116630554,0.14186662282699194
49,24,25,83,59,42,4,4,4,0.9711691737174988,0,0.2950279116630554,0.14358055897248098
49,24,25,83,59,42,4,4,4,0.962187647819519,0,0.3043486177921295,0.1421195910527156
49,24,25,83,59,42,4,4,4,0.9539145231246948,0,0.2950279116630554,0.1403039296468099
49,24,25,83,59,42,4,4,4,0.9675638675689697,0,0.2950279116630554,0.14380439122517905
50,5,17,58,46,70,4,1,4,1.8882850408554077,0,0.2950279116630554,0.12763171318249825
50,5,17,58,46,70,4,1,4,1.3938242197036743,0,0.3043486177921295,0.13556989034016928
50,5,17,58,46,70,4,1,4,1.5231462717056274,0,0.2950279116630554,0.13563974087054914
50,5,17,58,46,70,4,1,4,1.2150949239730835,0,0.3043486177921295,0.135407166603284
50,5,17,58,46,70,4,1,4,1.4075394868850708,0,0.3043486177921295,0.13158397185496795
50,5,17,58,46,70,4,1,4,1.5007011890411377,0,0.2950279116630554,0.13419636701926208
50,5,17,58,46,70,4,1,4,1.859439492225647,0,0.3043486177921295,0.12588426394340319
50,5,17,58,46,70,4,1,4,1.9089657068252563,0,0.2950279116630554,0.12706486384073892
50,5,17,58,46,70,4,1,4,1.1977828741073608,0,0.3043486177921295,0.13900100267850435
50,5,17,58,46,70,4,1,4,1.1124781370162964,0,0.2950279116630554,0.13787003052540314
51,7,16,5,37,28,2,0,5,1.6952828168869019,0,0.019530631601810455,0.12993531349377754
51,7,16,5,37,28,2,0,5,1.657477855682373,0,0.019530631601810455,0.13023915657630333
51,7,16,5,37,28,2,0,5,1.932617425918579,0,0.022685445845127106,0.12749579013922277
51,7,16,5,37,28,2,0,5,1.7675925493240356,0,0.022685445845127106,0.1284464200337728
51,7,16,5,37,28,2,0,5,1.459823727607727,0,0.019530631601810455,0.1269834224994366
51,7,16,5,37,28,2,0,5,1.6143581867218018,0,0.022685445845127106,0.13031556056096003
51,7,16,5,37,28,2,0,5,0.877149760723114,0,0.022685445845127106,0.10132204569303073
51,7,16,5,37,28,2,0,5,1.8874526023864746,0,0.022685445845127106,0.13130680720011392
51,7,16,5,37,28,2,0,5,1.7041685581207275,0,0.022685445845127106,0.13083186516394982
51,7,16,5,37,28,2,0,5,1.6221660375595093,0,0.019530631601810455,0.1279916885571602
52,5,15,99,7,11,3,5,3,1.5070314407348633,0,0.001909555634483695,0.13005711482121393
52,5,15,99,7,11,3,5,3,1.4030967950820923,0,0.00043889129301533103,0.13247374999217498
52,5,15,99,7,11,3,5,3,1.5897871255874634,0,5.454354322864674e-05,0.1346559402270195
52,5,15,99,7,11,3,5,3,0.8604841828346252,0,8.532046194886789e-05,0.10496472089718549
52,5,15,99,7,11,3,5,3,1.881518006324768,0,0.0006682084640488029,0.126040470905793
52,5,15,99,7,11,3,5,3,1.41103994846344,0,0.002376365242525935,0.1324011973845653
52,5,15,99,7,11,3,5,3,0.8488156795501709,37,-2.1791505787405185e-05,0.09671637339469714
52,5,15,99,7,11,3,5,3,1.3786866664886475,0,0.0006173374131321907,0.13349524522439027
52,5,15,99,7,11,3,5,3,0.8562449812889099,0,0.0002911330375354737,0.10539001073592748
52,5,15,99,7,11,3,5,3,1.682295322418213,0,0.000892902200575918,0.13274179360805413
53,22,10,41,67,35,3,4,1,1.0041744709014893,0,0.29502761363983154,0.14194443286993566
53,22,10,41,67,35,3,4,1,0.9671949148178101,0,0.29502761363983154,0.14210990759042594
53,22,10,41,67,35,3,4,1,1.0083270072937012,0,0.29502761363983154,0.14080254236857095
53,22,10,41,67,35,3,4,1,1.013261079788208,0,0.29502761363983154,0.1416620719127166
53,22,10,41,67,35,3,4,1,1.0035169124603271,0,0.29502761363983154,0.13971540255424303
53,22,10,41,67,35,3,4,1,1.0062909126281738,0,0.29502761363983154,0.1416921248802772
53,22,10,41,67,35,3,4,1,0.9977744817733765,0,0.29502761363983154,0.1413249969482422
53,22,10,41,67,35,3,4,1,0.9539068341255188,0,0.29502761363983154,0.14112461530245268
53,22,10,41,67,35,3,4,1,1.0170021057128906,0,0.29502761363983154,0.14238391778407952
53,22,10,41,67,35,3,4,1,0.966250479221344,0,0.29502761363983154,0.14164062646719125
54,14,24,76,69,56,5,4,1,1.6481070518493652,0,0.006846236065030098,0.12945205737382937
54,14,24,76,69,56,5,4,1,1.65500009059906,0,0.006846236065030098,0.12929907823220277
54,14,24,76,69,56,5,4,1,1.4809340238571167,0,0.006846236065030098,0.12991076249342698
54,14,24,76,69,56,5,4,1,1.5868593454360962,0,0.006846236065030098,0.1275022946871244
54,14,24,76,69,56,5,4,1,1.9260603189468384,0,0.0024813557974994183,0.1255039924230331
54,14,24,76,69,56,5,4,1,1.5503206253051758,0,0.006846236065030098,0.13057235571054313
54,14,24,76,69,56,5,4,1,1.6965981721878052,0,0.006846236065030098,0.13112823779766375
54,14,24,76,69,56,5,4,1,1.6216685771942139,0,0.006846236065030098,0.1334370710910895
54,14,24,76,69,56,5,4,1,1.6507600545883179,0,0.006846236065030098,0.12934800906059069
54,14,24,76,69,56,5,4,1,1.6909332275390625,0,0.006846236065030098,0.1312219913189228
55,5,13,35,86,40,4,0,2,1.5573102235794067,0,0.028249293565750122,0.13111170744284606
55,5,13,35,86,40,4,0,2,1.842756986618042,0,0.028249293565750122,0.12722147428072417
55,5,13,35,86,40,4,0,2,1.6472227573394775,0,0.028249293565750122,0.13276327573336089
55,5,13,35,86,40,4,0,2,1.4932314157485962,0,0.028249293565750122,0.13104882607093224
55,5,13,35,86,40,4,0,2,1.5576283931732178,0,0.029265353456139565,0.13110152269021058
55,5,13,35,86,40,4,0,2,1.837831974029541,0,0.028249293565750122,0.12764304723495093
55,5,13,35,86,40,4,0,2,1.9240468740463257,0,0.028249293565750122,0.12861072100125825
55,5,13,35,86,40,4,0,2,1.5648435354232788,0,0.028249293565750122,0.13259147986387596
55,5,13,35,86,40,4,0,2,1.8528848886489868,0,0.02429085038602352,0.12951167424519858
55,5,13,35,86,40,4,0,2,1.4942678213119507,0,0.028249293565750122,0.13211431258764023
56,4,11,35,38,13,4,5,2,1.8376812934875488,0,0.29502761363983154,0.12838896726950622
56,4,11,35,38,13,4,5,2,1.788295030593872,0,0.29502761363983154,0.13187332642384064
56,4,11,35,38,13,4,5,2,1.6807560920715332,0,0.29502761363983154,0.1282518093402569
56,4,11,35,38,13,4,5,2,1.695421576499939,0,0.29502761363983154,0.1296536616789989
56,4,11,35,38,13,4,5,2,1.7403796911239624,0,0.29502761363983154,0.13103459431574896
56,4,11,35,38,13,4,5,2,1.7387545108795166,0,0.29502761363983154,0.12895897107246596
56,4,11,35,38,13,4,5,2,1.7322020530700684,0,0.29502761363983154,0.12737040641980293
56,4,11,35,38,13,4,5,2,1.6349490880966187,0,0.29502761363983154,0.13087139374170548
56,4,11,35,38,13,4,5,2,1.6385761499404907,0,0.29502761363983154,0.12965069061670548
56,4,11,35,38,13,4,5,2,1.8871740102767944,0,0.29502761363983154,0.12847787905962038
57,8,2,4,65,44,5,3,0,1.4556974172592163,0,0.007202979177236557,0.13260480685111803
57,8,2,4,65,44,5,3,0,1.3372784852981567,0,0.007202979177236557,0.13086602626702723
57,8,2,4,65,44,5,3,0,1.6103124618530273,0,0.007202979177236557,0.1342477064866286
57,8,2,4,65,44,5,3,0,1.2288377285003662,0,0.007202979177236557,0.13657398712940705
57,8,2,4,65,44,5,3,0,1.3563028573989868,0,0.007202979177236557,0.1346595959785657
57,8,2,4,65,44,5,3,0,1.3954317569732666,0,0.007202979177236557,0.13491176947569236
57,8,2,4,65,44,5,3,0,1.3939803838729858,0,0.007202979177236557,0.1338496330456856
57,8,2,4,65,44,5,3,0,1.3425606489181519,0,0.007202979177236557,0.13350836435953775
57,8,2,4,65,44,5,3,0,1.2782676219940186,0,0.007202979177236557,0.13672752869434845
57,8,2,4,65,44,5,3,0,1.511383056640625,0,0.007202979177236557,0.13350174977229193
58,20,6,21,49,77,1,2,1,1.9356969594955444,0,0.0010801871540024877,0.12387183996347281
58,20,6,21,49,77,1,2,1,1.8867107629776,0,0.0010799112496897578,0.11960056500557141
58,20,6,21,49,77,1,2,1,1.9339134693145752,0,0.0006104924250394106,0.12309750532492614
58,20,6,21,49,77,1,2,1,1.9227980375289917,0,0.0004915263270959258,0.12173109788161057
58,20,6,21,49,77,1,2,1,1.86026930809021,0,0.0008490416803397238,0.12352421344854893
58,20,6,21,49,77,1,2,1,1.8788244724273682,0,0.0010801871540024877,0.12218939952361278
58,20,6,21,49,77,1,2,1,1.8716888427734375,0,0.0010807395447045565,0.12071542250804412
58,20,6,21,49,77,1,2,1,1.900200366973877,0,3.547425876604393e-05,0.12479167106824043
58,20,6,21,49,77,1,2,1,1.9296550750732422,0,0.00013296159158926457,0.12305615498469426
58,20,6,21,49,77,1,2,1,1.9071663618087769,0,0.0010801871540024877,0.11771969917492989
59,22,14,4,18,90,3,5,2,1.935604453086853,0,0.29585927724838257,0.11791754991580279
59,22,14,4,18,90,3,5,2,1.8677688837051392,0,0.2950279116630554,0.12031666437784831
59,22,14,4,18,90,3,5,2,1.923343300819397,0,0.29585927724838257,0.11792709888556065
59,22,14,4,18,90,3,5,2,1.9100255966186523,0,0.2950279116630554,0.12240801102075821
59,22,14,4,18,90,3,5,2,1.9317914247512817,0,0.2950279116630554,0.12364625930786133
59,22,14,4,18,90,3,5,2,1.927110195159912,0,0.29585927724838257,0.12197163166143955
59,22,14,4,18,90,3,5,2,1.9050731658935547,0,0.2950279116630554,0.12349900221213317
59,22,14,4,18,90,3,5,2,1.9067955017089844,0,0.29585927724838257,0.12179333124405299
59,22,14,4,18,90,3,5,2,1.885454535484314,0,0.2950279116630554,0.12145382318741237
59,22,14,4,18,90,3,5,2,1.8770136833190918,0,0.29585927724838257,0.11985138135078625
60,6,10,45,15,16,4,2,3,1.1537710428237915,0,0.29502761363983154,0.1374368423070663
60,6,10,45,15,16,4,2,3,1.1495375633239746,0,0.29502761363983154,0.13909061138446516
60,6,10,45,15,16,4,2,3,1.1364725828170776,0,0.29502761363983154,0.1361074080834022
60,6,10,45,15,16,4,2,3,1.1751857995986938,0,0.29502761363983154,0.13906235572619316
60,6,10,45,15,16,4,2,3,1.0986272096633911,0,0.30434828996658325,0.13705040858342096
60,6,10,45,15,16,4,2,3,1.1858174800872803,0,0.29502761363983154,0.1386880874633789
60,6,10,45,15,16,4,2,3,1.1348862648010254,0,0.29502761363983154,0.1358005450322078
60,6,10,45,15,16,4,2,3,1.1248998641967773,0,0.29502761363983154,0.13639210432003707
60,6,10,45,15,16,4,2,3,1.3007112741470337,0,0.29502761363983154,0.13429032839261568
60,6,10,45,15,16,4,2,3,1.1171473264694214,0,0.29502761363983154,0.13624767156747672
61,22,12,77,35,10,2,2,0,1.8955501317977905,0,0.0011418695794418454,0.1198893082447541
61,22,12,77,35,10,2,2,0,1.884905457496643,0,0.000577231461647898,0.1268478051210061
61,22,12,77,35,10,2,2,0,1.8843004703521729,0,0.0012734354240819812,0.11914765529143505
61,22,12,77,35,10,2,2,0,1.8894613981246948,0,0.001300713513046503,0.12020755425477639
61,22,12,77,35,10,2,2,0,1.8829307556152344,0,0.001316671958193183,0.11986563755915715
61,22,12,77,35,10,2,2,0,1.883641004562378,0,0.0007122340030036867,0.12258204435690856
61,22,12,77,35,10,2,2,0,1.8965263366699219,0,0.0012552014086395502,0.11881697483551808
61,22,12,77,35,10,2,2,0,1.847435712814331,0,0.0013979625655338168,0.12101307893410707
61,22,12,77,35,10,2,2,0,1.8852320909500122,0,0.0012963280314579606,0.11964176862667768
61,22,12,77,35,10,2,2,0,1.922021508216858,0,7.040113268885761e-05,0.121398008786715
62,22,6,0,91,75,4,0,0,1.8541289567947388,0,0.0006671400042250752,0.12137008324647561
62,22,6,0,91,75,4,0,0,1.8783354759216309,0,0.0010794332483783364,0.12474683614877555
62,22,6,0,91,75,4,0,0,1.8752400875091553,0,0.0007036228198558092,0.12192053672594902
62,22,6,0,91,75,4,0,0,1.9048774242401123,0,0.0001247119507752359,0.12032681245070237
62,22,6,0,91,75,4,0,0,1.9331872463226318,0,0.0010789036750793457,0.12222161659827599
62,22,6,0,91,75,4,0,0,1.8962974548339844,0,0.0010785567574203014,0.12275781386937851
62,22,6,0,91,75,4,0,0,1.9103200435638428,0,0.00036910761264152825,0.12160286536583534
62,22,6,0,91,75,4,0,0,1.887686014175415,0,0.0005766049725934863,0.12073168387779823
62,22,6,0,91,75,4,0,0,1.9209355115890503,0,0.0002394344046479091,0.1276271893427922
62,22,6,0,91,75,4,0,0,1.9340606927871704,0,0.0010801873868331313,0.12153152319101188
63,12,6,89,12,63,0,2,4,1.913312315940857,0,0.0010792315006256104,0.1207876205444336
63,12,6,89,12,63,0,2,4,1.9286068677902222,0,0.0010786791099235415,0.12131119997073443
63,12,6,89,12,63,0,2,4,1.9003385305404663,0,0.0010839380556717515,0.12223347639426208
63,12,6,89,12,63,0,2,4,1.8584439754486084,0,0.0011554770171642303,0.11970674074613132
63,12,6,89,12,63,0,2,4,1.932968258857727,0,0.0013331499649211764,0.12303774173443134
63,12,6,89,12,63,0,2,4,1.9141415357589722,0,0.0010792298708111048,0.12283698106423402
63,12,6,89,12,63,0,2,4,1.9059334993362427,0,0.0013331493828445673,0.1210633424612192
63,12,6,89,12,63,0,2,4,1.8735136985778809,0,0.0010839380556717515,0.12189663373506986
63,12,6,89,12,63,0,2,4,1.9342689514160156,0,0.0010792298708111048,0.1219778794508714
63,12,6,89,12,63,0,2,4,1.9273967742919922,0,0.0013337938580662012,0.12124928449973083
64,11,6,70,39,5,3,4,0,1.931471347808838,0,0.0010801868047565222,0.12009626779800807
64,11,6,70,39,5,3,4,0,1.9106781482696533,0,0.00041919483919627964,0.12252493393726838
64,11,6,70,39,5,3,4,0,1.853753924369812,0,0.0012266095727682114,0.12311808268229167
64,11,6,70,39,5,3,4,0,1.880295991897583,0,0.0010801868047565222,0.11838695330497546
64,11,6,70,39,5,3,4,0,1.8738484382629395,0,0.0010801850585266948,0.11844830635266426
64,11,6,70,39,5,3,4,0,1.920756459236145,0,0.0010801868047565222,0.11898150810828576
64,11,6,70,39,5,3,4,0,1.9085243940353394,0,0.0010801868047565222,0.1239312856625288
64,11,6,70,39,5,3,4,0,1.860552430152893,0,0.0010807386133819818,0.12264520694047977
64,11,6,70,39,5,3,4,0,1.865700602531433,0,0.001082992646843195,0.1197054202740009
64,11,6,70,39,5,3,4,0,1.9245847463607788,0,0.0010801868047565222,0.12134489646324745
65,13,4,35,49,75,4,2,0,1.0481370687484741,0,0.0017139994306489825,0.13947316927787584
65,13,4,35,49,75,4,2,0,1.0799812078475952,0,0.0017139994306489825,0.1405311364393968
65,13,4,35,49,75,4,2,0,1.0671321153640747,0,0.0017139994306489825,0.14117832672901642
65,13,4,35,49,75,4,2,0,1.1208782196044922,0,0.0017139994306489825,0.13916953404744467
65,13,4,35,49,75,4,2,0,1.0714164972305298,0,0.0017139994306489825,0.1401092700469188
65,13,4,35,49,75,4,2,0,1.160023808479309,0,0.0017139994306489825,0.13368873107127655
65,13,4,35,49,75,4,2,0,1.0808465480804443,0,0.0017139994306489825,0.1390204796424279
65,13,4,35,49,75,4,2,0,1.2041888236999512,0,0.0017139994306489825,0.13612990501599434
65,13,4,35,49,75,4,2,0,1.072029948234558,0,0.0017139994306489825,0.13653159752870217
65,13,4,35,49,75,4,2,0,1.1306061744689941,0,0.0017139994306489825,0.14058882150894556
66,11,1,16,64,51,5,2,0,0.9160754680633545,0,0.2950279116630554,0.11503870059282352
66,11,1,16,64,51,5,2,0,0.9285405278205872,0,0.3043486177921295,0.11292933195065229
66,11,1,16,64,51,5,2,0,0.9156327247619629,0,0.2950279116630554,0.11649611057379307
66,11,1,16,64,51,5,2,0,0.9114601612091064,0,0.2950279116630554,0.115326905861879
66,11,1,16,64,51,5,2,0,0.8956422209739685,0,0.2950279116630554,0.11122819704887195
66,11,1,16,64,51,5,2,0,0.9356175661087036,0,0.2950279116630554,0.11644741205068734
66,11,1,16,64,51,5,2,0,0.907964825630188,0,0.2950279116630554,0.11551141738891602
66,11,1,16,64,51,5,2,0,0.956631064414978,0,0.3043486177921295,0.12194973383194362
66,11,1,16,64,51,5,2,0,0.8801683783531189,0,0.2950279116630554,0.10339936231955504
66,11,1,16,64,51,5,2,0,0.8760703802108765,0,0.2950279116630554,0.1080929805070926
67,11,24,70,72,70,5,2,4,1.4819153547286987,0,0.006846236065030098,0.13395870648897612
67,11,24,70,72,70,5,2,4,1.4506927728652954,0,0.0038901877123862505,0.13286167536026391
67,11,24,70,72,70,5,2,4,1.4431887865066528,0,0.006846236065030098,0.132659178513747
67,11,24,70,72,70,5,2,4,1.3969731330871582,0,0.006846236065030098,0.13274909288455278
67,11,24,70,72,70,5,2,4,1.487290859222412,0,0.006846236065030098,0.13289885643200997
67,11,24,70,72,70,5,2,4,1.4819557666778564,0,0.006846236065030098,0.1342027737544133
67,11,24,70,72,70,5,2,4,1.4573930501937866,0,0.006846236065030098,0.1321239838233361
67,11,24,70,72,70,5,2,4,1.432441234588623,0,0.006846236065030098,0.13256511932764298
67,11,24,70,72,70,5,2,4,1.530121088027954,0,0.00237994734197855,0.13576886592767176
67,11,24,70,72,70,5,2,4,1.4742984771728516,0,0.006846236065030098,0.13242250833755884
68,1,6,14,15,79,4,0,3,1.9029605388641357,0,0.0013331493828445673,0.11854953032273513
68,1,6,14,15,79,4,0,3,1.9154480695724487,0,0.0005650431266985834,0.11823168779030824
68,1,6,14,15,79,4,0,3,1.856449842453003,0,0.0010801873868331313,0.11976998891585912
68,1,6,14,15,79,4,0,3,1.9351744651794434,0,0.00021619850303977728,0.12378889475113307
68,1,6,14,15,79,4,0,3,1.877596378326416,0,9.90079206530936e-05,0.1183169071490948
68,1,6,14,15,79,4,0,3,1.8797578811645508,0,0.0010801913449540734,0.11759517131707607
68,1,6,14,15,79,4,0,3,1.916365385055542,0,0.0013331493828445673,0.11870669095944135
68,1,6,14,15,79,4,0,3,1.9300847053527832,0,0.001079426147043705,0.12128719916710487
68,1,6,14,15,79,4,0,3,1.8866859674453735,0,0.0013337938580662012,0.11993614832560222
68,1,6,14,15,79,4,0,3,1.8694559335708618,0,0.0010807437356561422,0.12283157690977439
69,5,3,14,58,1,1,2,3,1.461964726448059,0,0.2950279116630554,0.13347516915737054
69,5,3,14,58,1,1,2,3,1.4389264583587646,0,0.2950279116630554,0.13398291514470026
69,5,3,14,58,1,1,2,3,1.4729299545288086,0,0.2950279116630554,0.13318976377829528
69,5,3,14,58,1,1,2,3,1.3685582876205444,0,0.2950279116630554,0.1327941234295185
69,5,3,14,58,1,1,2,3,1.5011448860168457,0,0.2950279116630554,0.13421237163054636
69,5,3,14,58,1,1,2,3,1.4848958253860474,0,0.2950279116630554,0.1348895537547576
69,5,3,14,58,1,1,2,3,1.3692160844802856,0,0.2950279116630554,0.1318494723393367
69,5,3,14,58,1,1,2,3,1.4322537183761597,0,0.2950279116630554,0.13422244634383765
69,5,3,14,58,1,1,2,3,1.429916262626648,0,0.2950279116630554,0.13150952412531927
69,5,3,14,58,1,1,2,3,1.456540584564209,0,0.2950279116630554,0.13306172688802084
70,19,2,10,8,6,4,4,4,1.8663415908813477,0,0.007202979177236557,0.12438557698176457
70,19,2,10,8,6,4,4,4,1.2982052564620972,0,0.007202979177236557,0.1306602771465595
70,19,2,10,8,6,4,4,4,1.6705209016799927,0,0.007202979177236557,0.13537452159783778
70,19,2,10,8,6,4,4,4,1.5187033414840698,0,0.007202979177236557,0.13421421784621018
70,19,2,10,8,6,4,4,4,1.477587342262268,0,0.007202979177236557,0.13070231217604417
70,19,2,10,8,6,4,4,4,1.5927958488464355,0,0.007202979177236557,0.13433984609750602
70,19,2,10,8,6,4,4,4,1.741032600402832,0,0.007202979177236557,0.12586843050443208
70,19,2,10,8,6,4,4,4,1.7765493392944336,0,0.007202979177236557,0.12932940018482697
70,19,2,10,8,6,4,4,4,1.3682045936584473,0,0.007202979177236557,0.1308866280775804
70,19,2,10,8,6,4,4,4,1.4708365201950073,0,0.007202979177236557,0.13106588216928336
71,16,9,95,5,30,3,3,2,1.0131208896636963,0,0.004912470001727343,0.14070730942946214
71,16,9,95,5,30,3,3,2,1.0458316802978516,0,0.004912470001727343,0.1421363781660031
71,16,9,95,5,30,3,3,2,0.966429591178894,0,0.004912470001727343,0.14115240635016027
71,16,9,95,5,30,3,3,2,0.9666385054588318,0,0.004912470001727343,0.14110640990428436
71,16,9,95,5,30,3,3,2,0.9841952919960022,0,0.004912470001727343,0.1396047152005709
71,16,9,95,5,30,3,3,2,1.0270559787750244,0,0.004912470001727343,0.1405794437115009
71,16,9,95,5,30,3,3,2,0.9522227644920349,0,0.004912470001727343,0.13945221289610252
71,16,9,95,5,30,3,3,2,1.0011018514633179,0,0.004912470001727343,0.139375124222193
71,16,9,95,5,30,3,3,2,0.956484317779541,0,0.004912470001727343,0.1397074674948668
71,16,9,95,5,30,3,3,2,1.0024136304855347,0,0.004912470001727343,0.14119819494394156
72,6,24,89,71,79,4,0,1,1.7340070009231567,0,0.006846236065030098,0.13198597003252077
72,6,24,89,71,79,4,0,1,1.7226258516311646,0,0.006846236065030098,0.13020568016247872
72,6,24,89,71,79,4,0,1,1.6745407581329346,0,0.006846236065030098,0.12934304506350786
72,6,24,89,71,79,4,0,1,1.736847996711731,0,0.006846236065030098,0.12949614647107247
72,6,24,89,71,79,4,0,1,1.7212506532669067,0,0.006846236065030098,0.13136734106601813
72,6,24,89,71,79,4,0,1,1.6413750648498535,0,0.006846236065030098,0.1294976503421099
72,6,24,89,71,79,4,0,1,1.7937588691711426,0,0.006846236065030098,0.1311016938625238
72,6,24,89,71,79,4,0,1,1.896871566772461,0,0.0003921078459825367,0.13292486239702272
72,6,24,89,71,79,4,0,1,1.9133585691452026,0,6.674744508927688e-05,0.1339404644110264
72,6,24,89,71,79,4,0,1,1.7247871160507202,0,0.006846236065030098,0.1288931919978215
73,23,15,65,11,94,3,5,2,1.5964694023132324,0,2.3512670566105953e-07,0.13738272740290716
73,23,15,65,11,94,3,5,2,1.872970461845398,0,0.2950279116630554,0.12502069962330353
73,23,15,65,11,94,3,5,2,1.3297600746154785,43,-2.0974312064936385e-05,0.13736965717413488
73,23,15,65,11,94,3,5,2,1.854377031326294,0,0.2950279116630554,0.12343406677246094
73,23,15,65,11,94,3,5,2,1.8669294118881226,0,0.2950279116630554,0.1277178862156012
73,23,15,65,11,94,3,5,2,1.9114985466003418,0,0.2950279116630554,0.12736914708064154
73,23,15,65,11,94,3,5,2,1.2099006175994873,52,-2.01657967409119e-05,0.13418039908775917
73,23,15,65,11,94,3,5,2,1.9173253774642944,0,0.3043486177921295,0.13038148635473007
73,23,15,65,11,94,3,5,2,1.4501997232437134,0,0.0010536775225773454,0.13481572958139273
73,23,15,65,11,94,3,5,2,1.3434175252914429,0,0.0024278678465634584,0.135102907816569
74,3,3,38,79,51,0,0,2,1.4349555969238281,0,0.3043486177921295,0.13000264534583458
74,3,3,38,79,51,0,0,2,1.4754925966262817,0,0.2950279116630554,0.13388092089922
74,3,3,38,79,51,0,0,2,1.368179440498352,0,0.3043486177921295,0.12710069998716697
74,3,3,38,79,51,0,0,2,1.4652535915374756,0,0.3043486177921295,0.13341610248272234
74,3,3,38,79,51,0,0,2,1.5508885383605957,0,0.3043486177921295,0.13438112307817507
74,3,3,38,79,51,0,0,2,1.461984395980835,0,0.2950279116630554,0.13483559779631785
74,3,3,38,79,51,0,0,2,1.4893006086349487,0,0.2950279116630554,0.13278730099017805
74,3,3,38,79,51,0,0,2,1.3022537231445312,0,0.2950279116630554,0.13215161592532426
74,3,3,38,79,51,0,0,2,1.4655433893203735,0,0.2950279116630554,0.13337147541535208
74,3,3,38,79,51,0,0,2,1.607780933380127,0,0.2950279116630554,0.13759674170078376
75,20,19,34,39,68,2,1,4,1.1600956916809082,0,0.015019813552498817,0.13520338596441808
75,20,19,34,39,68,2,1,4,1.8429334163665771,0,0.023289145901799202,0.12165558643830128
75,20,19,34,39,68,2,1,4,1.5588077306747437,0,0.02034609578549862,0.13037851529243666
75,20,19,34,39,68,2,1,4,1.2412012815475464,0,0.016103439033031464,0.13579182747082832
75,20,19,34,39,68,2,1,4,1.0870020389556885,0,0.015003453008830547,0.13895960343189728
75,20,19,34,39,68,2,1,4,1.2652254104614258,0,0.010835269466042519,0.13427991133469802
75,20,19,34,39,68,2,1,4,1.1816121339797974,0,0.015770474448800087,0.13679927434676734
75,20,19,34,39,68,2,1,4,1.1278784275054932,0,0.015821043401956558,0.13996011782915163
75,20,19,34,39,68,2,1,4,1.200677514076233,0,0.014988546259701252,0.13608543689434344
75,20,19,34,39,68,2,1,4,1.89970064163208,0,0.023289145901799202,0.12436771392822266
76,17,11,92,92,14,5,5,3,1.5363408327102661,0,0.30434828996658325,0.1331031505878155
76,17,11,92,92,14,5,5,3,1.5235315561294556,0,0.29502761363983154,0.12999559060121194
76,17,11,92,92,14,5,5,3,1.6563268899917603,0,0.29502761363983154,0.13333587157420623
76,17,11,92,92,14,5,5,3,1.627076268196106,0,0.30434828996658325,0.1319273190620618
76,17,11,92,92,14,5,5,3,1.62223219871521,0,0.29502761363983154,0.13200438328278372
76,17,11,92,92,14,5,5,3,1.5667121410369873,0,0.29502761363983154,0.130890381641877
76,17,11,92,92,14,5,5,3,1.681762933731079,0,0.29502761363983154,0.12928449190579927
76,17,11,92,92,14,5,5,3,1.9153183698654175,0,0.29502761363983154,0.13185740739871293
76,17,11,92,92,14,5,5,3,1.6006221771240234,0,0.29502761363983154,0.13229170823708558
76,17,11,92,92,14,5,5,3,1.591990351676941,0,0.29502761363983154,0.133270997267503
77,9,22,35,48,26,2,2,0,1.0445971488952637,0,0.016569126397371292,0.14106192955603966
77,9,22,35,48,26,2,2,0,1.2443898916244507,0,0.018465809524059296,0.1385043951181265
77,9,22,35,48,26,2,2,0,1.123171329498291,0,0.018443027511239052,0.13944025528736603
77,9,22,35,48,26,2,2,0,1.0096428394317627,0,0.01841174252331257,0.13953331189277846
77,9,22,35,48,26,2,2,0,1.1165916919708252,0,0.016594773158431053,0.139524166400616
77,9,22,35,48,26,2,2,0,1.029505729675293,0,0.018400616943836212,0.1389043025481395
77,9,22,35,48,26,2,2,0,1.1294809579849243,0,0.021492740139365196,0.13712384150578424
77,9,22,35,48,26,2,2,0,1.1429789066314697,0,0.016627667471766472,0.13797718439346704
77,9,22,35,48,26,2,2,0,1.2300832271575928,0,0.016608951613307,0.13775258186535957
77,9,22,35,48,26,2,2,0,1.209758996963501,0,0.018435794860124588,0.13662582788711938
78,5,24,36,63,41,1,0,5,1.4845635890960693,8,0.006846236065030098,0.13431525841737404
78,5,24,36,63,41,1,0,5,1.4283928871154785,8,0.006846236065030098,0.13287814458211264
78,5,24,36,63,41,1,0,5,1.3274823427200317,10,0.006846236065030098,0.13183167041876379
78,5,24,36,63,41,1,0,5,1.4651539325714111,9,0.006846236065030098,0.13236737862611428
78,5,24,36,63,41,1,0,5,1.534770131111145,8,0.006846236065030098,0.13167381286621094
78,5,24,36,63,41,1,0,5,1.5557905435562134,8,0.006846236065030098,0.13254319704495943
78,5,24,36,63,41,1,0,5,1.459696650505066,9,0.006846236065030098,0.1352851085173778
78,5,24,36,63,41,1,0,5,1.7511812448501587,20,0.006846236065030098,0.13020671942295173
78,5,24,36,63,41,1,0,5,1.4492491483688354,12,0.006846236065030098,0.13217001694899339
78,5,24,36,63,41,1,0,5,1.4203647375106812,10,0.0005687171360477805,0.13466617388603014
79,5,4,72,12,5,3,3,2,1.4660593271255493,0,0.0017139994306489825,0.1353269846011431
79,5,4,72,12,5,3,3,2,1.383955478668213,0,0.0017139994306489825,0.13306335302499625
79,5,4,72,12,5,3,3,2,1.4746524095535278,0,0.0017139994306489825,0.13570356369018555
79,5,4,72,12,5,3,3,2,1.3399162292480469,0,0.0017139994306489825,0.13019483517377806
79,5,4,72,12,5,3,3,2,1.346682071685791,0,0.0017139994306489825,0.13048774768144655
79,5,4,72,12,5,3,3,2,1.488125205039978,0,0.0017139994306489825,0.13520449858445388
79,5,4,72,12,5,3,3,2,1.3909488916397095,0,0.0017139994306489825,0.13271646010570037
79,5,4,72,12,5,3,3,2,1.4054734706878662,0,0.0017139994306489825,0.13340146724994367
79,5,4,72,12,5,3,3,2,1.532006025314331,0,0.0017139994306489825,0.13641740114260942
79,5,4,72,12,5,3,3,2,1.5664530992507935,0,0.0017139994306489825,0.13736252906994942
80,11,6,64,59,95,2,1,0,1.9099482297897339,0,0.0010801871540024877,0.12070177762936322
80,11,6,64,59,95,2,1,0,1.9007649421691895,0,0.0010981668019667268,0.12190125538752629
80,11,6,64,59,95,2,1,0,1.88750159740448,0,0.0010801872704178095,0.1209565920707507
80,11,6,64,59,95,2,1,0,1.9138885736465454,0,0.0013337943237274885,0.11930521940573668
80,11,6,64,59,95,2,1,0,1.8775187730789185,0,0.0013337935088202357,0.12079495650071365
80,11,6,64,59,95,2,1,0,1.880562424659729,0,0.0010832707630470395,0.12321819403232673
80,11,6,64,59,95,2,1,0,1.9367939233779907,0,1.2845272294725874e-06,0.12019681930541992
80,11,6,64,59,95,2,1,0,1.9220678806304932,0,0.0013337944401428103,0.12114737584040715
80,11,6,64,59,95,2,1,0,1.88264799118042,0,0.0010801913449540734,0.12341012710180038
80,11,6,64,59,95,2,1,0,1.8614161014556885,0,0.0002185170742450282,0.11996686152922802
81,11,23,27,63,42,2,0,5,0.880575954914093,0,0.2950279116630554,0.10226805393512432
81,11,23,27,63,42,2,0,5,0.8865855932235718,0,0.2950279116630554,0.1032559688274677
81,11,23,27,63,42,2,0,5,0.8815011382102966,0,0.2950279116630554,0.1018524658985627
81,11,23,27,63,42,2,0,5,0.8905395865440369,0,0.3043486177921295,0.10219979897523537
81,11,23,27,63,42,2,0,5,0.8789640069007874,0,0.2950279116630554,0.10086839626996945
81,11,23,27,63,42,2,0,5,0.879457414150238,0,0.2950279116630554,0.10338531396327874
81,11,23,27,63,42,2,0,5,0.8916139006614685,0,0.3043486177921295,0.10215534308017829
81,11,23,27,63,42,2,0,5,0.9100393056869507,0,0.2950279116630554,0.10302351682614057
81,11,23,27,63,42,2,0,5,0.8835195899009705,0,0.3043486177921295,0.10110417390481019
81,11,23,27,63,42,2,0,5,0.9027941823005676,0,0.2950279116630554,0.10335488197131035
82,2,5,63,64,68,3,0,5,1.0613631010055542,0,0.2950279116630554,0.13843458126752806
82,2,5,63,64,68,3,0,5,1.071778655052185,0,0.3043486177921295,0.13920186116145208
82,2,5,63,64,68,3,0,5,1.1934893131256104,0,0.3043486177921295,0.1379550420320951
82,2,5,63,64,68,3,0,5,1.0933743715286255,0,0.2950279116630554,0.13777930919940656
82,2,5,63,64,68,3,0,5,1.084578037261963,0,0.2950279116630554,0.13870756442730242
82,2,5,63,64,68,3,0,5,1.0598125457763672,0,0.2950279116630554,0.13869264798286635
82,2,5,63,64,68,3,0,5,1.0880814790725708,0,0.2950279116630554,0.13917041436219826
82,2,5,63,64,68,3,0,5,1.0836482048034668,0,0.2950279116630554,0.13824019065270057
82,2,5,63,64,68,3,0,5,1.0713449716567993,0,0.3043486177921295,0.13983056484124598
82,2,5,63,64,68,3,0,5,1.442975640296936,0,0.3043486177921295,0.13439606397579879
83,11,20,80,89,19,5,0,5,1.0221543312072754,0,0.05638584867119789,0.10125472606756748
83,11,20,80,89,19,5,0,5,1.022457242012024,0,0.04851706326007843,0.10161959819304638
83,11,20,80,89,19,5,0,5,1.0250000953674316,0,0.05638584867119789,0.10152473205175155
83,11,20,80,89,19,5,0,5,1.0263569355010986,0,0.05638584867119789,0.1014548754080748
83,11,20,80,89,19,5,0,5,1.0179654359817505,0,0.05638584867119789,0.10139102202195388
83,11,20,80,89,19,5,0,5,1.0217070579528809,0,0.05638584867119789,0.10168059666951497
83,11,20,80,89,19,5,0,5,1.0254164934158325,0,0.05638584867119789,0.10146648455888797
83,11,20,80,89,19,5,0,5,1.0246431827545166,0,0.05638584867119789,0.10160684585571289
83,11,20,80,89,19,5,0,5,0.9948630928993225,0,0.05638584867119789,0.0977779412880922
83,11,20,80,89,19,5,0,5,1.8697088956832886,0,0.05638584867119789,0.12862508724897337
84,11,18,52,33,73,1,0,3,1.3110568523406982,0,0.0038969814777374268,0.1327197979658078
84,11,18,52,33,73,1,0,3,1.291499137878418,0,0.0006051696836948395,0.13393627068935296
84,11,18,52,33,73,1,0,3,1.331994652748108,3,4.019886091555236e-06,0.13082625315739557
84,11,18,52,33,73,1,0,3,1.3140102624893188,0,0.000648069370072335,0.13811797362107497
84,11,18,52,33,73,1,0,3,1.282202959060669,0,0.0006674573523923755,0.13152183630527595
84,11,18,52,33,73,1,0,3,1.2708046436309814,4,0.004024844616651535,0.13194842216296074
84,11,18,52,33,73,1,0,3,1.331839680671692,0,0.0022341853473335505,0.13155109454423952
84,11,18,52,33,73,1,0,3,1.3121607303619385,2,0.0017086976440623403,0.13259254357753655
84,11,18,52,33,73,1,0,3,1.2934943437576294,0,0.0004807874502148479,0.12828343953841773
84,11,18,52,33,73,1,0,3,1.2596325874328613,0,0.0006599267362616956,0.13446293121729141
85,6,5,16,34,78,3,5,4,1.598994493484497,0,0.2950279116630554,0.13172428424541766
85,6,5,16,34,78,3,5,4,1.6465849876403809,0,0.2950279116630554,0.13038887121738532
85,6,5,16,34,78,3,5,4,1.5032130479812622,0,0.2950279116630554,0.12709338848407453
85,6,5,16,34,78,3,5,4,1.571797490119934,0,0.2950279116630554,0.12696332197922927
85,6,5,16,34,78,3,5,4,1.7127577066421509,0,0.2950279116630554,0.1286764756227151
85,6,5,16,34,78,3,5,4,1.6199651956558228,0,0.3043486177921295,0.13112491216415015
85,6,5,16,34,78,3,5,4,1.6116889715194702,0,0.2950279116630554,0.13131013283362755
85,6,5,16,34,78,3,5,4,1.6125768423080444,0,0.2950279116630554,0.1313326419928135
85,6,5,16,34,78,3,5,4,1.5951833724975586,0,0.2950279116630554,0.13176634372808996
85,6,5,16,34,78,3,5,4,1.5806434154510498,0,0.2950279116630554,0.13202345676911184
86,19,11,68,70,95,4,5,5,1.3224085569381714,0,0.29502761363983154,0.13445103474152395
86,19,11,68,70,95,4,5,5,1.471280813217163,0,0.29502761363983154,0.1321531564761431
86,19,11,68,70,95,4,5,5,1.5056694746017456,0,0.29502761363983154,0.13268359502156576
86,19,11,68,70,95,4,5,5,1.7334774732589722,0,0.29502761363983154,0.13371648543920273
86,19,11,68,70,95,4,5,5,1.5012127161026,0,0.29502761363983154,0.134859378521259
86,19,11,68,70,95,4,5,5,1.5962862968444824,0,0.29502761363983154,0.13178181036924705
86,19,11,68,70,95,4,5,5,1.4246371984481812,0,0.29502761363983154,0.13241122319148138
86,19,11,68,70,95,4,5,5,1.431261658668518,0,0.29502761363983154,0.1354545202010717
86,19,11,68,70,95,4,5,5,1.382386565208435,0,0.29502761363983154,0.13299111830882537
86,19,11,68,70,95,4,5,5,1.3516337871551514,0,0.29502761363983154,0.13502399738018328
87,15,24,72,91,95,0,3,2,1.6214908361434937,52,0.006846236065030098,0.13262427158844778
87,15,24,72,91,95,0,3,2,1.614636778831482,38,0.006846236065030098,0.13281977482331106
87,15,24,72,91,95,0,3,2,1.5477112531661987,38,0.006846236065030098,0.1324601540198693
87,15,24,72,91,95,0,3,2,1.548264503479004,44,0.006846236065030098,0.13164735451722756
87,15,24,72,91,95,0,3,2,1.545224905014038,37,0.006846236065030098,0.13215035658616286
87,15,24,72,91,95,0,3,2,1.4959311485290527,38,0.006846236065030098,0.131714172852345
87,15,24,72,91,95,0,3,2,1.551104187965393,39,0.006846236065030098,0.13198081040993714
87,15,24,72,91,95,0,3,2,1.534414529800415,39,0.006846236065030098,0.13168929173396185
87,15,24,72,91,95,0,3,2,1.6016954183578491,39,0.006846236065030098,0.1327349589421199
87,15,24,72,91,95,0,3,2,1.6439825296401978,38,0.0057833390310406685,0.1332870630117563
88,9,8,21,18,97,2,0,4,1.8872312307357788,0,0.29502883553504944,0.12147470620962289
88,9,8,21,18,97,2,0,4,1.9183803796768188,0,0.30434954166412354,0.12401527013534154
88,9,8,21,18,97,2,0,4,1.890581727027893,0,0.29502883553504944,0.1199035889063126
88,9,8,21,18,97,2,0,4,1.8957887887954712,0,0.30434954166412354,0.12073058348435622
88,9,8,21,18,97,2,0,4,1.8987517356872559,0,0.30434954166412354,0.12173200264955178
88,9,8,21,18,97,2,0,4,1.8819981813430786,0,0.29502883553504944,0.12166515986124675
88,9,8,21,18,97,2,0,4,1.9349379539489746,0,0.29502883553504944,0.11960670275565906
88,9,8,21,18,97,2,0,4,1.934922218322754,0,0.30434954166412354,0.12022869403545673
88,9,8,21,18,97,2,0,4,1.9113177061080933,0,0.30434954166412354,0.12221803420629257
88,9,8,21,18,97,2,0,4,1.9259228706359863,0,0.30434954166412354,0.12103347289256561
89,18,10,45,81,50,1,1,1,1.5407373905181885,0,0.30434828996658325,0.1321710073030912
89,18,10,45,81,50,1,1,1,1.446662187576294,0,0.29502761363983154,0.13278640844883063
89,18,10,45,81,50,1,1,1,1.0206536054611206,0,0.29502761363983154,0.1358936627705892
89,18,10,45,81,50,1,1,1,1.0392992496490479,0,0.29502761363983154,0.13505027233025965
89,18,10,45,81,50,1,1,1,1.8310414552688599,0,0.29502761363983154,0.12360704862154447
89,18,10,45,81,50,1,1,1,1.0085943937301636,0,0.30434828996658325,0.14076773325602213
89,18,10,45,81,50,1,1,1,1.033393383026123,0,0.29502761363983154,0.13792928059895834
89,18,10,45,81,50,1,1,1,1.5717968940734863,0,0.30434828996658325,0.1324187425466684
89,18,10,45,81,50,1,1,1,1.0362812280654907,0,0.29502761363983154,0.13524306126129934
89,18,10,45,81,50,1,1,1,1.0371015071868896,0,0.29502761363983154,0.13837097852658004
90,14,12,76,50,83,3,4,0,1.8867086172103882,15,0.004936777520924807,0.12074668590839092
90,14,12,76,50,83,3,4,0,1.8815968036651611,5,0.004936777520924807,0.11905869459494567
90,14,12,76,50,83,3,4,0,1.871788740158081,0,0.0010704940650612116,0.12183388685568786
90,14,12,76,50,83,3,4,0,1.8785048723220825,0,0.0007910668500699103,0.12086780254657452
90,14,12,76,50,83,3,4,0,1.887667179107666,6,0.004936777520924807,0.12088749958918645
90,14,12,76,50,83,3,4,0,1.9034510850906372,0,0.000769761682022363,0.12235779640002128
90,14,12,76,50,83,3,4,0,1.8708853721618652,9,0.004936777520924807,0.11833770458514874
90,14,12,76,50,83,3,4,0,1.870148777961731,4,0.004936777520924807,0.12079944366063827
90,14,12,76,50,83,3,4,0,1.9302928447723389,5,0.004936777520924807,0.12032259427584134
90,14,12,76,50,83,3,4,0,1.84635591506958,0,0.0013149632140994072,0.12141677660819812
91,20,5,90,79,94,3,3,0,1.7055913209915161,0,0.2950279116630554,0.13371957876743415
91,20,5,90,79,94,3,3,0,1.046924114227295,0,0.2950279116630554,0.1390834710536859
91,20,5,90,79,94,3,3,0,1.1796207427978516,0,0.3043486177921295,0.13579126504751352
91,20,5,90,79,94,3,3,0,1.1811765432357788,0,0.2950279116630554,0.1399833728105594
91,20,5,90,79,94,3,3,0,1.079724669456482,0,0.2950279116630554,0.1385204730889736
91,20,5,90,79,94,3,3,0,1.0467485189437866,0,0.2950279116630554,0.13927850967798477
91,20,5,90,79,94,3,3,0,1.0467157363891602,0,0.3043486177921295,0.14009293531760192
91,20,5,90,79,94,3,3,0,1.2107504606246948,0,0.2950279116630554,0.13523480831048426
91,20,5,90,79,94,3,3,0,1.0650997161865234,0,0.2950279116630554,0.1404604667272323
91,20,5,90,79,94,3,3,0,1.1329046487808228,0,0.3043486177921295,0.13883071068005684
92,12,22,97,19,63,3,0,2,1.9060163497924805,0,0.021492740139365196,0.12589651499039087
92,12,22,97,19,63,3,0,2,1.883867859840393,0,0.021492740139365196,0.12179133830926357
92,12,22,97,19,63,3,0,2,1.5644055604934692,0,0.021492740139365196,0.1330535717499562
92,12,22,97,19,63,3,0,2,1.667700171470642,0,0.021492740139365196,0.13490631641485754
92,12,22,97,19,63,3,0,2,1.8975787162780762,0,0.021492740139365196,0.1234279779287485
92,12,22,97,19,63,3,0,2,1.9104664325714111,0,0.021492740139365196,0.12462475360968174
92,12,22,97,19,63,3,0,2,0.9418762922286987,0,0.0216757133603096,0.08697159473712628
92,12,22,97,19,63,3,0,2,1.8909687995910645,0,0.021492740139365196,0.12684307342920548
92,12,22,97,19,63,3,0,2,0.8336215019226074,0,0.021492740139365196,0.08695412293458596
92,12,22,97,19,63,3,0,2,1.8951706886291504,0,0.021492740139365196,0.12468889432075696
93,18,1,70,81,94,5,1,1,1.0507322549819946,0,0.3043486177921295,0.12936321894327799
93,18,1,70,81,94,5,1,1,1.5543065071105957,0,0.3043486177921295,0.1298843041444436
93,18,1,70,81,94,5,1,1,1.9062037467956543,0,0.3043486177921295,0.13335120372283152
93,18,1,70,81,94,5,1,1,1.011988878250122,0,0.2950279116630554,0.12297569177089593
93,18,1,70,81,94,5,1,1,1.2045117616653442,0,0.3043486177921295,0.13456316483326447
93,18,1,70,81,94,5,1,1,1.0322363376617432,0,0.3043486177921295,0.12750861583611903
93,18,1,70,81,94,5,1,1,1.0255708694458008,0,0.3043486177921295,0.1285253916031275
93,18,1,70,81,94,5,1,1,1.0175468921661377,0,0.2950279116630554,0.12253886002760667
93,18,1,70,81,94,5,1,1,1.4998518228530884,0,0.2950279116630554,0.1262981585967235
93,18,1,70,81,94,5,1,1,1.0204682350158691,0,0.3043486177921295,0.12737396435859877
94,11,25,72,42,50,1,0,3,1.2455335855484009,0,0.3043486177921295,0.13507478665082884
94,11,25,72,42,50,1,0,3,1.2125129699707031,0,0.2950279116630554,0.13726399495051458
94,11,25,72,42,50,1,0,3,1.4163620471954346,0,0.2950279116630554,0.13288607964148888
94,11,25,72,42,50,1,0,3,1.4151957035064697,0,0.3043486177921295,0.13416672975589067
94,11,25,72,42,50,1,0,3,1.2189087867736816,0,0.2950279116630554,0.1365822400802221
94,11,25,72,42,50,1,0,3,1.1961309909820557,0,0.3043486177921295,0.13509267415755835
94,11,25,72,42,50,1,0,3,1.7429828643798828,0,0.3043486177921295,0.13284601309360602
94,11,25,72,42,50,1,0,3,1.212328553199768,0,0.3043486177921295,0.13414233770125952
94,11,25,72,42,50,1,0,3,1.219711422920227,0,0.2950279116630554,0.13938324268047625
94,11,25,72,42,50,1,0,3,1.3975450992584229,0,0.2950279116630554,0.13306056536160982
95,3,8,7,11,43,4,2,4,1.9327881336212158,0,0.29502883553504944,0.12387893138787685
95,3,8,7,11,43,4,2,4,1.9217076301574707,0,0.29502883553504944,0.12225740383832882
95,3,8,7,11,43,4,2,4,1.8588638305664062,0,0.30434954166412354,0.12059194613725711
95,3,8,7,11,43,4,2,4,1.9002273082733154,0,0.29502883553504944,0.12261834511390099
95,3,8,7,11,43,4,2,4,1.8755264282226562,0,0.29502883553504944,0.12162279471372947
95,3,8,7,11,43,4,2,4,1.9157896041870117,0,0.29502883553504944,0.12115417382655999
95,3,8,7,11,43,4,2,4,1.9061733484268188,0,0.30434954166412354,0.11761398804493439
95,3,8,7,11,43,4,2,4,1.915985107421875,0,0.30434954166412354,0.12455124732775566
95,3,8,7,11,43,4,2,4,1.9119759798049927,0,0.29502883553504944,0.11990576524000901
95,3,8,7,11,43,4,2,4,1.9056562185287476,0,0.29502883553504944,0.12241922280727288
96,9,8,42,67,5,0,3,1,1.9079371690750122,0,0.29502883553504944,0.11997074958605644
96,9,8,42,67,5,0,3,1,1.9177030324935913,0,0.30434954166412354,0.1228181887895633
96,9,8,42,67,5,0,3,1,1.9136930704116821,0,0.29502883553504944,0.12340867213713817
96,9,8,42,67,5,0,3,1,1.9266331195831299,0,0.29502883553504944,0.11913897440983699
96,9,8,42,67,5,0,3,1,1.9103608131408691,0,0.30434954166412354,0.11998419883923653
96,9,8,42,67,5,0,3,1,1.9246034622192383,0,0.29502883553504944,0.12276625021910056
96,9,8,42,67,5,0,3,1,1.9351537227630615,0,0.30434954166412354,0.12115188745351937
96,9,8,42,67,5,0,3,1,1.902814507484436,0,0.30434954166412354,0.11918136401054187
96,9,8,42,67,5,0,3,1,1.9150855541229248,0,0.30434954166412354,0.11964057042048527
96,9,8,42,67,5,0,3,1,1.8829421997070312,0,0.29502883553504944,0.1193691400381235
97,13,7,3,22,22,2,0,3,0.8753737211227417,0,0.01054379902780056,0.10182011433136769
97,13,7,3,22,22,2,0,3,1.4656296968460083,0,0.01054379902780056,0.13443424762823644
97,13,7,3,22,22,2,0,3,1.6440870761871338,0,0.01054379902780056,0.1352689327337803
97,13,7,3,22,22,2,0,3,1.4064676761627197,0,0.01054379902780056,0.1333739085075183
97,13,7,3,22,22,2,0,3,1.5051989555358887,0,0.01054379902780056,0.1359280317257612
97,13,7,3,22,22,2,0,3,1.482487678527832,0,0.01054379902780056,0.13469621462699694
97,13,7,3,22,22,2,0,3,1.4549795389175415,0,0.01054379902780056,0.1314211747585199
97,13,7,3,22,22,2,0,3,1.4921808242797852,0,0.01054379902780056,0.1355572969485552
97,13,7,3,22,22,2,0,3,1.4119113683700562,0,0.01054379902780056,0.1314572921166053
97,13,7,3,22,22,2,0,3,1.4322423934936523,0,0.01054379902780056,0.13216677690163636
98,20,25,31,90,32,2,1,2,0.9702585935592651,0,0.2950279116630554,0.14090748322315705
98,20,25,31,90,32,2,1,2,0.9611320495605469,0,0.2950279116630554,0.14211720686692458
98,20,25,31,90,32,2,1,2,1.0466769933700562,0,0.3043486177921295,0.13958740234375
98,20,25,31,90,32,2,1,2,1.066253662109375,0,0.2950279116630554,0.1392356310135279
98,20,25,31,90,32,2,1,2,0.9658376574516296,0,0.2950279116630554,0.14118168904231146
98,20,25,31,90,32,2,1,2,1.0120259523391724,0,0.3043486177921295,0.14023683010003504
98,20,25,31,90,32,2,1,2,1.033410906791687,0,0.3043486177921295,0.13976514033782175
98,20,25,31,90,32,2,1,2,0.987439751625061,0,0.2950279116630554,0.13866555385100535
98,20,25,31,90,32,2,1,2,0.9921371936798096,0,0.2950279116630554,0.14098541553203875
98,20,25,31,90,32,2,1,2,0.9777182340621948,0,0.3043486177921295,0.14180418161245492
99,6,25,70,5,11,1,0,4,1.4558994770050049,0,0.2950279116630554,0.13530090527656752
99,6,25,70,5,11,1,0,4,1.255871295928955,0,0.2950279116630554,0.13472429911295572
99,6,25,70,5,11,1,0,4,1.659481167793274,0,0.2950279116630554,0.13591658763396433
99,6,25,70,5,11,1,0,4,1.5152279138565063,0,0.3043486177921295,0.1346578108958709
99,6,25,70,5,11,1,0,4,1.1261405944824219,0,0.2950279116630554,0.13397562809479543
99,6,25,70,5,11,1,0,4,1.5764052867889404,0,0.2950279116630554,0.13535130329621145
99,6,25,70,5,11,1,0,4,1.5685036182403564,0,0.2950279116630554,0.1340476305056841
99,6,25,70,5,11,1,0,4,1.4111822843551636,0,0.2950279116630554,0.13443701083843523
99,6,25,70,5,11,1,0,4,1.3968034982681274,0,0.2950279116630554,0.13195319053454277
99,6,25,70,5,11,1,0,4,1.3225218057632446,0,0.2950279116630554,0.13080287591004983
